{"type":"FeatureCollection", "features": [
{"type":"Feature","geometry":{"type":"Polygon","coordinates":[[[-68.5455,-25.299],[-68.55,-25.261],[-68.5035,-25.221],[-68.508,-25.1725],[-68.465,-25.131],[-68.4085,-25.1445],[-68.3435,-25.1105],[-68.403,-25.0315],[-68.427,-24.9615],[-68.432,-24.9055],[-68.486,-24.8955],[-68.5195,-24.8735],[-68.5395,-24.8165],[-68.568,-24.795],[-68.543,-24.725],[-68.497,-24.6755],[-68.487,-24.6455],[-68.4365,-24.6015],[-68.39,-24.4885],[-68.31,-24.484],[-68.246,-24.396],[-68.065,-24.3265],[-67.3225,-24.034],[-67.233,-23.7555],[-66.99,-23],[-67.1805,-22.814],[-67.5685,-22.898],[-67.799,-22.881],[-67.8395,-22.848],[-67.8825,-22.8335],[-67.8675,-22.744],[-67.8895,-22.718],[-67.868,-22.6805],[-67.882,-22.636],[-67.836,-22.5835],[-67.893,-22.499],[-67.903,-22.402],[-67.9335,-22.3895],[-67.94,-22.3115],[-67.921,-22.2755],[-67.933,-22.2085],[-67.9575,-22.166],[-67.939,-22.1075],[-67.9665,-22.058],[-68.0715,-21.9815],[-68.0605,-21.77],[-68.084,-21.75],[-68.118,-21.6785],[-68.1805,-21.604],[-68.179,-21.302],[-68.295,-21.0975],[-68.4125,-20.9345],[-68.481,-20.945],[-68.536,-21.0645],[-68.8595,-21.285],[-69.313,-21.398],[-69.5515,-21.63],[-69.6625,-21.4815],[-69.667,-21.463],[-69.7785,-21.4375],[-69.8305,-21.4435],[-69.9375,-21.4245],[-70.0055,-21.4385],[-70.0585,-21.43],[-70.083,-21.489],[-70.071,-21.5285],[-70.1035,-21.6085],[-70.1455,-21.6365],[-70.145,-21.7225],[-70.1595,-21.7615],[-70.142,-21.833],[-70.1495,-21.873],[-70.1765,-21.8985],[-70.1695,-21.928],[-70.189,-22.059],[-70.2135,-22.099],[-70.225,-22.21],[-70.241,-22.249],[-70.237,-22.304],[-70.258,-22.363],[-70.245,-22.3815],[-70.2685,-22.4605],[-70.2395,-22.4895],[-70.2525,-22.5395],[-70.282,-22.5885],[-70.2625,-22.636],[-70.2795,-22.6665],[-70.291,-22.748],[-70.313,-22.7645],[-70.313,-22.8225],[-70.2885,-22.896],[-70.309,-22.96],[-70.361,-23.0455],[-70.4225,-23.0915],[-70.485,-23.0975],[-70.498,-23.044],[-70.55,-23.0535],[-70.582,-23.1055],[-70.5605,-23.1895],[-70.5925,-23.216],[-70.6015,-23.303],[-70.5955,-23.342],[-70.607,-23.4045],[-70.5895,-23.4275],[-70.624,-23.478],[-70.576,-23.5295],[-70.531,-23.526],[-70.5135,-23.4675],[-70.4865,-23.465],[-70.4315,-23.4955],[-70.401,-23.544],[-70.392,-23.613],[-70.404,-23.664],[-70.4465,-23.7485],[-70.501,-23.7915],[-70.5165,-23.866],[-70.496,-23.9],[-70.52,-24.021],[-70.498,-24.0805],[-70.503,-24.1635],[-70.5175,-24.181],[-70.532,-24.3025],[-70.55,-24.3335],[-70.541,-24.413],[-70.5545,-24.4955],[-70.579,-24.5505],[-70.555,-24.5785],[-70.565,-24.6925],[-70.5805,-24.7205],[-70.545,-24.781],[-70.5445,-24.8425],[-70.5215,-24.8665],[-70.529,-24.9155],[-70.4695,-24.9825],[-70.47,-25.02],[-70.508,-25.0965],[-70.464,-25.136],[-70.4355,-25.2],[-70.4345,-25.2565],[-70.4565,-25.2965],[-70.451,-25.3775],[-70.5075,-25.404],[-70.5305,-25.4805],[-70.576,-25.5065],[-70.6295,-25.507],[-70.6455,-25.6175],[-70.6365,-25.645],[-70.6815,-25.666],[-70.688,-25.7485],[-70.7305,-25.7865],[-70.7355,-25.822],[-70.7115,-25.839],[-70.695,-25.9],[-70.65,-25.9465],[-70.628,-25.9945],[-70.634,-26.0455],[-70.6575,-26.061],[-70.619,-26.061],[-70.605,-26.004],[-70.526,-26.0095],[-70.483,-25.968],[-70.42,-25.9535],[-70.393,-25.929],[-70.3245,-25.931],[-70.301,-25.896],[-70.265,-25.931],[-70.23,-25.918],[-70.1995,-25.942],[-70.075,-25.9555],[-70.023,-25.92],[-69.9085,-25.8945],[-69.8545,-25.9455],[-69.8195,-25.924],[-69.729,-25.9195],[-69.673,-25.9435],[-69.503,-25.9485],[-69.427,-25.8565],[-69.3845,-25.879],[-69.3035,-25.87],[-69.1715,-25.8165],[-69.111,-25.8025],[-69.058,-25.7275],[-69.0705,-25.69],[-69.0505,-25.635],[-69.0705,-25.5805],[-69.0225,-25.509],[-69.003,-25.462],[-69.0215,-25.4265],[-68.9885,-25.38],[-68.847,-25.3815],[-68.826,-25.3695],[-68.7825,-25.403],[-68.725,-25.3905],[-68.636,-25.3135],[-68.5785,-25.286],[-68.5455,-25.299]]]},"properties":{"codigo":"02","nombre":"Región de Antofagasta"}},
{"type":"Feature","geometry":{"type":"Polygon","coordinates":[[[-68.95,-18.9365],[-68.9165,-18.89],[-68.9255,-18.8425],[-68.9775,-18.739],[-68.9845,-18.6785],[-69.01,-18.637],[-69.017,-18.572],[-69.0045,-18.4755],[-69.0485,-18.4265],[-69.0525,-18.345],[-69.038,-18.3225],[-69.0745,-18.2875],[-69.064,-18.231],[-69.1045,-18.2085],[-69.142,-18.167],[-69.1275,-18.128],[-69.102,-18.1185],[-69.057,-18.061],[-69.121,-18.0045],[-69.281,-17.9695],[-69.3085,-17.8965],[-69.314,-17.7885],[-69.3425,-17.7245],[-69.468,-17.605],[-69.4685,-17.4985],[-69.5525,-17.5755],[-69.6665,-17.6605],[-69.7965,-17.646],[-69.826,-17.706],[-69.801,-17.762],[-69.799,-17.8655],[-69.75,-17.9475],[-69.7545,-17.9895],[-69.816,-18.1165],[-69.8605,-18.1705],[-69.9065,-18.2035],[-69.966,-18.262],[-70.0505,-18.2695],[-70.1495,-18.3195],[-70.1975,-18.3225],[-70.302,-18.309],[-70.3485,-18.3235],[-70.3765,-18.35],[-70.3115,-18.43],[-70.3075,-18.4665],[-70.3295,-18.492],[-70.339,-18.625],[-70.337,-18.7455],[-70.3585,-18.7985],[-70.33,-18.8715],[-70.3065,-18.9905],[-70.3165,-19.0175],[-70.269,-19.1455],[-70.267,-19.1975],[-70.2855,-19.2295],[-70.131,-19.1545],[-70.099,-19.1195],[-69.9485,-19.0495],[-69.8865,-19.0345],[-69.824,-19.047],[-69.715,-19.026],[-69.6445,-19.021],[-69.5285,-19.0255],[-69.473,-19.0365],[-69.4255,-19.0245],[-69.312,-19.125],[-69.2335,-19.094],[-69.16,-19.105],[-69.1025,-19.0675],[-69.071,-19.0295],[-69.0095,-18.997],[-69.023,-18.971],[-68.95,-18.9365]]]},"properties":{"codigo":"15","nombre":"Región de Arica y Parinacota"}},
{"type":"Feature","geometry":{"type":"Polygon","coordinates":[[[-70.6575,-26.061],[-70.6535,-26.1305],[-70.673,-26.201],[-70.647,-26.254],[-70.6755,-26.2905],[-70.6465,-26.3045],[-70.6275,-26.3475],[-70.6595,-26.362],[-70.701,-26.4195],[-70.686,-26.4495],[-70.7045,-26.5045],[-70.6995,-26.5875],[-70.7265,-26.6875],[-70.758,-26.71],[-70.744,-26.7625],[-70.7855,-26.7845],[-70.813,-26.8575],[-70.834,-26.8785],[-70.7985,-26.9425],[-70.789,-26.9955],[-70.8485,-27.052],[-70.855,-27.12],[-70.8975,-27.143],[-70.9355,-27.1095],[-70.971,-27.172],[-70.954,-27.2045],[-70.9535,-27.2705],[-70.931,-27.311],[-70.9655,-27.3645],[-70.9255,-27.4375],[-70.886,-27.486],[-70.908,-27.554],[-70.898,-27.621],[-70.9485,-27.668],[-71.0075,-27.689],[-71.0655,-27.7525],[-71.0915,-27.814],[-71.1015,-27.8775],[-71.14,-27.9475],[-71.154,-28.047],[-71.143,-28.069],[-71.1775,-28.1005],[-71.1665,-28.1255],[-71.154,-28.229],[-71.178,-28.2715],[-71.181,-28.326],[-71.161,-28.3615],[-71.2125,-28.46],[-71.2555,-28.4745],[-71.258,-28.5415],[-71.3065,-28.5805],[-71.28,-28.6325],[-71.296,-28.6805],[-71.372,-28.7565],[-71.379,-28.795],[-71.445,-28.839],[-71.4815,-28.8475],[-71.5145,-28.919],[-71.517,-28.9705],[-71.492,-28.984],[-71.49,-29.0805],[-71.4615,-29.1045],[-71.5035,-29.155],[-71.4975,-29.183],[-71.4145,-29.184],[-71.3515,-29.1415],[-71.282,-29.187],[-71.2,-29.1855],[-71.1835,-29.284],[-71.086,-29.3065],[-71.06,-29.3565],[-71.02,-29.335],[-70.966,-29.169],[-70.907,-29.1305],[-70.844,-29.144],[-70.802,-29.139],[-70.7315,-29.105],[-70.7235,-29.057],[-70.652,-29.057],[-70.607,-29.038],[-70.5345,-29.0615],[-70.542,-29.098],[-70.494,-29.1615],[-70.494,-29.2175],[-70.468,-29.2395],[-70.4805,-29.287],[-70.455,-29.3105],[-70.469,-29.3505],[-70.459,-29.382],[-70.394,-29.399],[-70.3655,-29.37],[-70.305,-29.3735],[-70.254,-29.417],[-70.201,-29.48],[-70.193,-29.5185],[-70.086,-29.535],[-70.036,-29.524],[-69.987,-29.4955],[-69.9515,-29.501],[-69.9815,-29.4515],[-69.967,-29.4125],[-70.021,-29.3845],[-70.021,-29.3305],[-69.983,-29.2755],[-69.937,-29.248],[-69.952,-29.2165],[-69.8835,-29.144],[-69.839,-29.129],[-69.7925,-29.135],[-69.794,-29.05],[-69.754,-28.958],[-69.766,-28.8995],[-69.723,-28.8415],[-69.693,-28.772],[-69.7295,-28.738],[-69.7315,-28.684],[-69.7015,-28.64],[-69.694,-28.595],[-69.67,-28.5735],[-69.6635,-28.5225],[-69.673,-28.459],[-69.633,-28.4305],[-69.6345,-28.384],[-69.597,-28.3925],[-69.579,-28.3505],[-69.524,-28.3305],[-69.475,-28.238],[-69.4565,-28.184],[-69.3905,-28.2215],[-69.3805,-28.1815],[-69.3365,-28.1645],[-69.3075,-28.1295],[-69.3015,-28.072],[-69.2635,-28.047],[-69.2665,-28.0095],[-69.235,-27.966],[-69.181,-27.9725],[-69.1215,-27.8975],[-69.1325,-27.8725],[-69.0895,-27.7865],[-69.0845,-27.715],[-69.045,-27.6995],[-69.06,-27.6635],[-69.0395,-27.5945],[-68.9755,-27.56],[-68.9475,-27.5295],[-68.949,-27.488],[-68.9885,-27.447],[-68.8925,-27.3925],[-68.8935,-27.356],[-68.8695,-27.3175],[-68.825,-27.294],[-68.8685,-27.2625],[-68.8585,-27.1915],[-68.788,-27.1035],[-68.7515,-27.1115],[-68.6705,-27.0985],[-68.6215,-27.169],[-68.5675,-27.1625],[-68.558,-27.1155],[-68.494,-27.136],[-68.4185,-27.07],[-68.3,-27.017],[-68.3155,-26.975],[-68.263,-26.9185],[-68.3645,-26.8],[-68.588,-26.492],[-68.5575,-26.2865],[-68.381,-26.178],[-68.42,-25.9765],[-68.4785,-25.706],[-68.546,-25.6295],[-68.5185,-25.5725],[-68.538,-25.554],[-68.539,-25.509],[-68.571,-25.4985],[-68.588,-25.4235],[-68.5285,-25.37],[-68.5215,-25.3295],[-68.5455,-25.299],[-68.5785,-25.286],[-68.636,-25.3135],[-68.725,-25.3905],[-68.7825,-25.403],[-68.826,-25.3695],[-68.847,-25.3815],[-68.9885,-25.38],[-69.0215,-25.4265],[-69.003,-25.462],[-69.0225,-25.509],[-69.0705,-25.5805],[-69.0505,-25.635],[-69.0705,-25.69],[-69.058,-25.7275],[-69.111,-25.8025],[-69.1715,-25.8165],[-69.3035,-25.87],[-69.3845,-25.879],[-69.427,-25.8565],[-69.503,-25.9485],[-69.673,-25.9435],[-69.729,-25.9195],[-69.8195,-25.924],[-69.8545,-25.9455],[-69.9085,-25.8945],[-70.023,-25.92],[-70.075,-25.9555],[-70.1995,-25.942],[-70.23,-25.918],[-70.265,-25.931],[-70.301,-25.896],[-70.3245,-25.931],[-70.393,-25.929],[-70.42,-25.9535],[-70.483,-25.968],[-70.526,-26.0095],[-70.605,-26.004],[-70.619,-26.061],[-70.6575,-26.061]]]},"properties":{"codigo":"03","nombre":"Región de Atacama"}},
{"type":"Feature","geometry":{"type":"MultiPolygon","coordinates":[[[[-75.2355,-48.6135],[-75.2895,-48.648],[-75.3425,-48.706],[-75.3085,-48.7225],[-75.2085,-48.6885],[-75.2355,-48.6135]]],[[[-75.2505,-48.585],[-75.3755,-48.6585],[-75.4685,-48.69],[-75.559,-48.656],[-75.594,-48.6735],[-75.578,-48.747],[-75.5225,-48.771],[-75.359,-48.714],[-75.279,-48.634],[-75.2505,-48.585]]],[[[-75.3075,-48.486],[-75.2985,-48.409],[-75.373,-48.413],[-75.479,-48.448],[-75.547,-48.4215],[-75.598,-48.5645],[-75.5355,-48.618],[-75.5625,-48.643],[-75.4615,-48.681],[-75.3255,-48.626],[-75.255,-48.578],[-75.2415,-48.535],[-75.27,-48.472],[-75.3075,-48.486]]],[[[-74.465,-48.3725],[-74.4395,-48.392],[-74.454,-48.4315],[-74.407,-48.4785],[-74.4005,-48.5115],[-74.355,-48.539],[-74.274,-48.505],[-74.235,-48.471],[-74.326,-48.4265],[-74.465,-48.3725]]],[[[-74.141,-48.352],[-74.201,-48.388],[-74.134,-48.4305],[-74.1505,-48.4385],[-74.0005,-48.4985],[-73.9905,-48.4625],[-74.006,-48.393],[-74.0485,-48.4],[-74.141,-48.352]]],[[[-74.2785,-48.272],[-74.367,-48.3285],[-74.446,-48.3545],[-74.386,-48.389],[-74.308,-48.4105],[-74.224,-48.4695],[-74.1555,-48.4455],[-74.1505,-48.425],[-74.2155,-48.3905],[-74.244,-48.3435],[-74.235,-48.2965],[-74.2785,-48.272]]],[[[-75.4105,-48.2535],[-75.4655,-48.263],[-75.494,-48.32],[-75.4425,-48.3215],[-75.4105,-48.2535]]],[[[-74.69,-48.1155],[-74.7135,-48.1475],[-74.714,-48.2015],[-74.7575,-48.255],[-74.7625,-48.341],[-74.71,-48.417],[-74.6565,-48.4475],[-74.692,-48.4875],[-74.7585,-48.4345],[-74.7705,-48.379],[-74.8845,-48.4115],[-74.9725,-48.481],[-74.95,-48.5405],[-74.9535,-48.58],[-74.8695,-48.618],[-74.829,-48.6085],[-74.763,-48.628],[-74.676,-48.627],[-74.6495,-48.654],[-74.5925,-48.6635],[-74.5545,-48.69],[-74.4585,-48.675],[-74.4285,-48.6315],[-74.44,-48.5775],[-74.5055,-48.608],[-74.5635,-48.534],[-74.5535,-48.46],[-74.5955,-48.417],[-74.535,-48.3825],[-74.5535,-48.3205],[-74.6125,-48.294],[-74.609,-48.2405],[-74.6485,-48.2155],[-74.635,-48.1695],[-74.69,-48.1155]]],[[[-74.5525,-48.105],[-74.5485,-48.2545],[-74.495,-48.295],[-74.458,-48.3445],[-74.338,-48.2935],[-74.307,-48.263],[-74.3425,-48.2255],[-74.475,-48.1235],[-74.5525,-48.105]]],[[[-75.173,-48.0665],[-75.21,-48.0715],[-75.172,-48.127],[-75.1395,-48.2275],[-75.0705,-48.33],[-75.033,-48.3515],[-75.0065,-48.401],[-74.9605,-48.4485],[-74.9015,-48.3995],[-74.8395,-48.366],[-74.777,-48.3665],[-74.77,-48.306],[-74.7975,-48.26],[-74.729,-48.203],[-74.737,-48.1705],[-74.8115,-48.2035],[-74.839,-48.1595],[-74.978,-48.083],[-75.039,-48.076],[-75.106,-48.0855],[-75.173,-48.0665]]],[[[-74.737,-48.0235],[-74.7305,-48.093],[-74.694,-48.0805],[-74.737,-48.0235]]],[[[-75.1,-48.011],[-75.1745,-48.029],[-75.129,-48.0585],[-75.1,-48.011]]],[[[-75.314,-47.997],[-75.345,-48.002],[-75.3785,-48.076],[-75.432,-48.044],[-75.532,-48.089],[-75.4935,-48.171],[-75.451,-48.1815],[-75.473,-48.2245],[-75.4025,-48.246],[-75.4485,-48.3385],[-75.5,-48.3595],[-75.484,-48.404],[-75.421,-48.415],[-75.3565,-48.385],[-75.288,-48.3825],[-75.2245,-48.4125],[-75.257,-48.467],[-75.217,-48.619],[-75.1845,-48.687],[-75.1045,-48.6565],[-75.007,-48.5925],[-75.0065,-48.53],[-75.0245,-48.4525],[-75.1355,-48.316],[-75.195,-48.2135],[-75.209,-48.1275],[-75.282,-48.063],[-75.2855,-48.0135],[-75.314,-47.997]]],[[[-74.7445,-47.902],[-74.7625,-47.921],[-74.738,-47.988],[-74.691,-47.9985],[-74.694,-47.942],[-74.7445,-47.902]]],[[[-74.53,-47.8965],[-74.596,-47.901],[-74.5655,-47.955],[-74.53,-47.8965]]],[[[-75.064,-47.8775],[-75.1875,-47.9305],[-75.1835,-47.9525],[-75.0615,-47.9035],[-75.064,-47.8775]]],[[[-74.9835,-47.868],[-75.0015,-47.8965],[-75.192,-47.9605],[-75.206,-48.032],[-75.056,-47.997],[-75.0855,-48.067],[-74.995,-48.062],[-74.937,-48.0835],[-74.828,-48.159],[-74.789,-48.134],[-74.794,-48.1],[-74.856,-48.099],[-74.753,-48.04],[-74.8045,-48.012],[-74.9315,-47.9705],[-74.9575,-47.9415],[-74.941,-47.906],[-74.9835,-47.868]]],[[[-73.702,-47.8655],[-73.7455,-47.9245],[-73.67,-47.996],[-73.624,-47.971],[-73.6425,-47.88],[-73.702,-47.8655]]],[[[-74.5395,-47.7995],[-74.6175,-47.807],[-74.585,-47.864],[-74.5265,-47.878],[-74.513,-47.823],[-74.5395,-47.7995]]],[[[-74.682,-47.856],[-74.618,-47.862],[-74.6325,-47.7965],[-74.7,-47.8195],[-74.682,-47.856]]],[[[-74.8445,-47.7885],[-74.8705,-47.844],[-74.9165,-47.855],[-74.9265,-47.9175],[-74.9485,-47.946],[-74.8705,-47.9795],[-74.765,-47.9895],[-74.785,-47.93],[-74.755,-47.8805],[-74.7625,-47.8105],[-74.8445,-47.7885]]],[[[-74.0355,-47.8735],[-74.008,-47.8315],[-74.168,-47.79],[-74.238,-47.7785],[-74.3,-47.8095],[-74.3495,-47.8115],[-74.4535,-47.8745],[-74.462,-47.8935],[-74.3865,-47.9185],[-74.32,-47.9235],[-74.264,-47.9635],[-74.126,-47.9485],[-74.091,-47.926],[-74.0215,-47.9435],[-73.95,-47.9245],[-73.844,-47.937],[-73.775,-47.9285],[-73.747,-47.8605],[-73.8045,-47.8405],[-73.8745,-47.862],[-73.957,-47.819],[-74.0355,-47.8735]]],[[[-74.385,-47.762],[-74.44,-47.781],[-74.482,-47.871],[-74.4295,-47.8555],[-74.36,-47.7965],[-74.385,-47.762]]],[[[-75.031,-47.6695],[-75.057,-47.691],[-75.023,-47.742],[-74.958,-47.771],[-74.8795,-47.764],[-74.916,-47.692],[-75.031,-47.6695]]],[[[-75.0785,-47.664],[-75.126,-47.716],[-75.186,-47.7395],[-75.225,-47.723],[-75.318,-47.7205],[-75.345,-47.7405],[-75.309,-47.7715],[-75.154,-47.7855],[-75.1295,-47.8425],[-75.0445,-47.814],[-75.018,-47.788],[-75.0785,-47.664]]],[[[-74.2925,-47.029],[-74.369,-47.038],[-74.4485,-47.0745],[-74.415,-47.1625],[-74.368,-47.127],[-74.281,-47.091],[-74.247,-47.044],[-74.2925,-47.029]]],[[[-74.6925,-46.813],[-74.6345,-46.8755],[-74.59,-46.855],[-74.521,-46.889],[-74.4275,-46.8935],[-74.382,-46.8525],[-74.4545,-46.8505],[-74.497,-46.8255],[-74.6345,-46.8415],[-74.6925,-46.813]]],[[[-73.8665,-45.996],[-73.897,-46.004],[-73.9185,-46.0845],[-73.855,-46.104],[-73.812,-46.169],[-73.7285,-46.2095],[-73.652,-46.1065],[-73.646,-46.075],[-73.7435,-46.032],[-73.8065,-46.024],[-73.8665,-45.996]]],[[[-73.5285,-45.862],[-73.5805,-45.9035],[-73.5945,-45.9455],[-73.633,-45.9695],[-73.603,-46.058],[-73.614,-46.129],[-73.6495,-46.219],[-73.662,-46.2965],[-73.577,-46.2575],[-73.605,-46.222],[-73.538,-46.1845],[-73.523,-46.143],[-73.4345,-46.0685],[-73.3985,-46.0135],[-73.3745,-45.949],[-73.322,-45.8975],[-73.3785,-45.8975],[-73.4075,-45.8855],[-73.471,-45.8845],[-73.5285,-45.862]]],[[[-73.698,-45.807],[-73.806,-45.8325],[-73.8115,-45.85],[-73.8585,-45.8555],[-73.9005,-45.893],[-73.921,-45.94],[-73.887,-45.995],[-73.8075,-45.9685],[-73.7795,-45.919],[-73.7955,-45.8925],[-73.707,-45.879],[-73.7685,-45.9365],[-73.8,-46.0025],[-73.669,-46.0335],[-73.6545,-46.0105],[-73.671,-45.8385],[-73.698,-45.807]]],[[[-73.8325,-45.765],[-73.875,-45.792],[-73.881,-45.8405],[-73.833,-45.8505],[-73.78,-45.7875],[-73.8325,-45.765]]],[[[-74.493,-45.7405],[-74.5575,-45.7635],[-74.5655,-45.7985],[-74.5005,-45.821],[-74.4655,-45.78],[-74.493,-45.7405]]],[[[-74.025,-45.738],[-74.0925,-45.797],[-74.0385,-45.836],[-74,-45.9235],[-73.9715,-45.927],[-73.9295,-45.85],[-73.9405,-45.783],[-73.9205,-45.752],[-74.025,-45.738]]],[[[-74.193,-45.74],[-74.218,-45.7135],[-74.281,-45.7135],[-74.29,-45.745],[-74.323,-45.7515],[-74.3065,-45.7965],[-74.263,-45.8185],[-74.1135,-45.796],[-74.133,-45.755],[-74.193,-45.74]]],[[[-74.8265,-45.598],[-74.8655,-45.6485],[-74.785,-45.685],[-74.737,-45.677],[-74.7935,-45.6045],[-74.8265,-45.598]]],[[[-74.521,-45.577],[-74.6245,-45.617],[-74.654,-45.65],[-74.6835,-45.7175],[-74.658,-45.756],[-74.58,-45.759],[-74.5435,-45.713],[-74.542,-45.6555],[-74.5115,-45.615],[-74.521,-45.577]]],[[[-73.9835,-45.5345],[-74.0515,-45.5615],[-74.09,-45.612],[-74.0655,-45.638],[-74.0355,-45.724],[-73.975,-45.7355],[-73.89,-45.708],[-73.8585,-45.612],[-73.9055,-45.5755],[-73.9835,-45.5345]]],[[[-74.39,-45.4465],[-74.45,-45.527],[-74.4515,-45.5955],[-74.4835,-45.6205],[-74.4435,-45.693],[-74.4825,-45.726],[-74.4485,-45.784],[-74.366,-45.775],[-74.3065,-45.7375],[-74.2895,-45.691],[-74.207,-45.693],[-74.1785,-45.629],[-74.2125,-45.582],[-74.2135,-45.5485],[-74.2815,-45.475],[-74.39,-45.4465]]],[[[-74.4315,-45.4365],[-74.5085,-45.4545],[-74.544,-45.5185],[-74.4985,-45.5715],[-74.422,-45.466],[-74.4315,-45.4365]]],[[[-73.6715,-45.435],[-73.7215,-45.4755],[-73.778,-45.5875],[-73.8145,-45.6295],[-73.793,-45.669],[-73.715,-45.688],[-73.6535,-45.747],[-73.588,-45.735],[-73.577,-45.5745],[-73.5425,-45.4835],[-73.59,-45.445],[-73.6715,-45.435]]],[[[-74.0305,-45.425],[-74.1,-45.499],[-74.1225,-45.561],[-73.9915,-45.52],[-73.903,-45.5445],[-73.837,-45.574],[-73.775,-45.463],[-73.8235,-45.45],[-73.8515,-45.4725],[-74.0305,-45.425]]],[[[-73.799,-45.369],[-73.8645,-45.386],[-73.9775,-45.384],[-73.994,-45.425],[-73.8775,-45.452],[-73.784,-45.405],[-73.799,-45.369]]],[[[-74.058,-45.343],[-74.077,-45.388],[-74.0235,-45.41],[-73.983,-45.38],[-74.058,-45.343]]],[[[-74.1725,-45.3215],[-74.215,-45.3695],[-74.13,-45.37],[-74.1725,-45.3215]]],[[[-73.4995,-45.3185],[-73.5885,-45.332],[-73.5855,-45.3565],[-73.491,-45.364],[-73.4995,-45.3185]]],[[[-74.403,-45.2825],[-74.518,-45.311],[-74.511,-45.3415],[-74.4695,-45.376],[-74.394,-45.3975],[-74.3415,-45.4265],[-74.2615,-45.4085],[-74.327,-45.311],[-74.403,-45.2825]]],[[[-73.542,-45.2405],[-73.5685,-45.2785],[-73.5355,-45.312],[-73.487,-45.2645],[-73.542,-45.2405]]],[[[-73.765,-45.3575],[-73.7545,-45.3265],[-73.804,-45.25],[-73.8885,-45.264],[-73.9825,-45.264],[-74.0185,-45.207],[-74.1475,-45.225],[-74.141,-45.2915],[-74.0805,-45.347],[-74.0525,-45.3395],[-73.9875,-45.368],[-73.8325,-45.3715],[-73.765,-45.3575]]],[[[-74.3915,-45.16],[-74.399,-45.237],[-74.381,-45.27],[-74.288,-45.3285],[-74.2385,-45.3465],[-74.187,-45.324],[-74.1935,-45.2235],[-74.3025,-45.1895],[-74.3335,-45.164],[-74.3915,-45.16]]],[[[-74.496,-45.155],[-74.5725,-45.204],[-74.5145,-45.231],[-74.4785,-45.1845],[-74.496,-45.155]]],[[[-73.385,-45.068],[-73.439,-45.0945],[-73.4185,-45.1415],[-73.3585,-45.159],[-73.334,-45.1345],[-73.385,-45.068]]],[[[-74.372,-45.0405],[-74.4235,-45.104],[-74.3765,-45.143],[-74.2715,-45.1695],[-74.2495,-45.1185],[-74.321,-45.054],[-74.372,-45.0405]]],[[[-73.807,-44.9845],[-73.905,-44.9945],[-73.9655,-45.0225],[-74.0515,-45.0345],[-74.169,-45.029],[-74.2285,-45.0825],[-74.226,-45.1455],[-74.2035,-45.1765],[-74.1485,-45.1615],[-74.088,-45.169],[-74.0065,-45.21],[-73.976,-45.256],[-73.894,-45.254],[-73.8095,-45.2365],[-73.7405,-45.299],[-73.68,-45.276],[-73.721,-45.2345],[-73.67,-45.1765],[-73.7085,-45.072],[-73.789,-45.014],[-73.807,-44.9845]]],[[[-74.2715,-44.871],[-74.3225,-44.906],[-74.3705,-44.917],[-74.4315,-44.891],[-74.4555,-44.925],[-74.4015,-44.9635],[-74.3195,-44.943],[-74.2575,-44.8975],[-74.2715,-44.871]]],[[[-74.146,-44.8625],[-74.225,-44.893],[-74.24,-44.919],[-74.386,-45.0025],[-74.317,-45.03],[-74.2305,-45.032],[-74.184,-45.0045],[-74.1475,-45.011],[-73.975,-44.991],[-73.892,-44.961],[-73.9535,-44.8945],[-74.027,-44.897],[-74.087,-44.8665],[-74.146,-44.8625]]],[[[-73.862,-44.774],[-73.91,-44.7905],[-73.871,-44.8355],[-73.9135,-44.867],[-73.8835,-44.9155],[-73.825,-44.96],[-73.771,-44.9585],[-73.7245,-44.909],[-73.7805,-44.857],[-73.7935,-44.8035],[-73.862,-44.774]]],[[[-73.993,-44.771],[-74.103,-44.8045],[-74.037,-44.86],[-73.9915,-44.86],[-73.93,-44.8335],[-73.9335,-44.787],[-73.993,-44.771]]],[[[-75.137,-44.7655],[-75.202,-44.8115],[-75.148,-44.8725],[-75.153,-44.9245],[-75.102,-44.9265],[-75.0365,-44.9015],[-75.0235,-44.8485],[-75.0655,-44.8285],[-75.107,-44.7705],[-75.137,-44.7655]]],[[[-73.615,-44.7315],[-73.672,-44.7565],[-73.736,-44.7535],[-73.7305,-44.8055],[-73.673,-44.845],[-73.5945,-44.829],[-73.584,-44.743],[-73.615,-44.7315]]],[[[-74.4595,-44.714],[-74.535,-44.7405],[-74.468,-44.8205],[-74.383,-44.8605],[-74.3005,-44.8355],[-74.397,-44.766],[-74.434,-44.712],[-74.4595,-44.714]]],[[[-74.452,-44.6935],[-74.449,-44.642],[-74.5605,-44.6135],[-74.622,-44.6205],[-74.6435,-44.6745],[-74.568,-44.6935],[-74.452,-44.6935]]],[[[-74.1095,-44.5915],[-74.294,-44.599],[-74.316,-44.617],[-74.3855,-44.6145],[-74.4115,-44.6565],[-74.3645,-44.746],[-74.3255,-44.782],[-74.2445,-44.807],[-74.191,-44.7785],[-74.0705,-44.763],[-73.9725,-44.7085],[-73.846,-44.6875],[-73.868,-44.6505],[-73.9555,-44.601],[-74.1095,-44.5915]]],[[[-73.9075,-44.563],[-73.9475,-44.6045],[-73.8845,-44.6255],[-73.9075,-44.563]]],[[[-74.7815,-44.54],[-74.828,-44.574],[-74.802,-44.653],[-74.7275,-44.665],[-74.7145,-44.648],[-74.731,-44.552],[-74.7815,-44.54]]],[[[-73.7285,-44.529],[-73.8365,-44.5845],[-73.88,-44.593],[-73.744,-44.7515],[-73.6775,-44.742],[-73.605,-44.7115],[-73.6065,-44.636],[-73.584,-44.592],[-73.6105,-44.559],[-73.6855,-44.529],[-73.7285,-44.529]]],[[[-73.6725,-44.476],[-73.6685,-44.528],[-73.6055,-44.5105],[-73.6725,-44.476]]],[[[-74.184,-44.471],[-74.2275,-44.5005],[-74.2835,-44.49],[-74.2965,-44.4975],[-74.3075,-44.498],[-74.3235,-44.503],[-74.327,-44.5065],[-74.338,-44.509],[-74.367,-44.51],[-74.3595,-44.541],[-74.32,-44.573],[-74.206,-44.5555],[-74.1025,-44.551],[-74.184,-44.471]]],[[[-73.627,-44.4425],[-73.635,-44.4805],[-73.5685,-44.4855],[-73.5625,-44.4435],[-73.627,-44.4425]]],[[[-74.1685,-44.416],[-74.0905,-44.545],[-74.014,-44.559],[-73.9215,-44.5395],[-73.9315,-44.48],[-74.006,-44.4495],[-74.0765,-44.45],[-74.1685,-44.416]]],[[[-74.3005,-44.3885],[-74.416,-44.432],[-74.487,-44.417],[-74.54,-44.4405],[-74.558,-44.4785],[-74.517,-44.5155],[-74.4365,-44.535],[-74.3725,-44.535],[-74.3795,-44.5045],[-74.365,-44.5015],[-74.343,-44.505],[-74.328,-44.506],[-74.324,-44.502],[-74.3165,-44.498],[-74.301,-44.4965],[-74.2795,-44.4865],[-74.2205,-44.49],[-74.2015,-44.468],[-74.246,-44.4045],[-74.3005,-44.3885]]],[[[-73.8235,-44.373],[-73.8945,-44.4095],[-73.8905,-44.457],[-73.787,-44.461],[-73.7485,-44.441],[-73.8235,-44.373]]],[[[-72.975,-44.364],[-73.0575,-44.3785],[-73.0475,-44.4425],[-73.14,-44.4195],[-73.158,-44.4005],[-73.2465,-44.4355],[-73.257,-44.4805],[-73.204,-44.5285],[-73.2635,-44.547],[-73.2645,-44.612],[-73.4065,-44.587],[-73.452,-44.639],[-73.424,-44.725],[-73.3985,-44.747],[-73.38,-44.812],[-73.389,-44.8345],[-73.213,-44.9375],[-73.118,-44.912],[-73.035,-44.8725],[-72.954,-44.789],[-72.82,-44.7335],[-72.7675,-44.619],[-72.685,-44.529],[-72.735,-44.482],[-72.797,-44.4505],[-72.911,-44.4145],[-72.975,-44.364]]],[[[-73.6535,-44.34],[-73.711,-44.359],[-73.758,-44.3935],[-73.7185,-44.43],[-73.6645,-44.4425],[-73.627,-44.351],[-73.6535,-44.34]]],[[[-74.318,-44.326],[-74.379,-44.348],[-74.402,-44.399],[-74.3025,-44.3695],[-74.318,-44.326]]],[[[-73.051,-44.31],[-73.1315,-44.34],[-73.049,-44.3625],[-72.98,-44.354],[-72.9915,-44.3205],[-73.051,-44.31]]],[[[-73.236,-44.3115],[-73.287,-44.339],[-73.293,-44.3695],[-73.2525,-44.3995],[-73.196,-44.3785],[-73.151,-44.3805],[-73.1895,-44.3235],[-73.236,-44.3115]]],[[[-74.1395,-44.303],[-74.1895,-44.3645],[-74.184,-44.384],[-74.104,-44.4155],[-74.0955,-44.363],[-74.1395,-44.303]]],[[[-74.0785,-44.2975],[-74.048,-44.396],[-73.904,-44.442],[-73.9075,-44.3845],[-73.888,-44.3545],[-74.0195,-44.342],[-74.0785,-44.2975]]],[[[-73.9375,-44.258],[-73.973,-44.268],[-73.956,-44.3085],[-73.885,-44.342],[-73.802,-44.3575],[-73.7665,-44.3405],[-73.7805,-44.2685],[-73.887,-44.3005],[-73.9375,-44.258]]],[[[-73.9,-44.2455],[-73.888,-44.292],[-73.8395,-44.2605],[-73.9,-44.2455]]],[[[-73.67,-44.2365],[-73.744,-44.2525],[-73.7155,-44.308],[-73.6315,-44.2625],[-73.67,-44.2365]]],[[[-74.1385,-44.2275],[-74.1815,-44.2785],[-74.1145,-44.307],[-74.106,-44.2495],[-74.1385,-44.2275]]],[[[-74.3165,-44.2255],[-74.374,-44.2295],[-74.417,-44.254],[-74.3435,-44.3035],[-74.273,-44.3125],[-74.2315,-44.3025],[-74.253,-44.2555],[-74.3165,-44.2255]]],[[[-73.665,-44.154],[-73.719,-44.199],[-73.655,-44.202],[-73.665,-44.154]]],[[[-74.017,-44.1365],[-74.1035,-44.193],[-74.0625,-44.2925],[-74.0135,-44.336],[-73.9455,-44.322],[-73.982,-44.282],[-73.986,-44.261],[-73.9355,-44.2395],[-73.865,-44.236],[-73.877,-44.2],[-73.958,-44.2],[-74.017,-44.1365]]],[[[-74.2815,-44.129],[-74.3375,-44.1295],[-74.3385,-44.1725],[-74.2365,-44.168],[-74.2815,-44.129]]],[[[-74.0815,-44.1105],[-74.1545,-44.162],[-74.121,-44.1785],[-74.057,-44.1315],[-74.0815,-44.1105]]],[[[-73.5095,-44.101],[-73.54,-44.1295],[-73.512,-44.172],[-73.446,-44.131],[-73.5095,-44.101]]],[[[-73.9245,-44.0955],[-73.9955,-44.144],[-73.945,-44.189],[-73.81,-44.193],[-73.8065,-44.169],[-73.846,-44.1185],[-73.9245,-44.0955]]],[[[-74.3445,-44.0925],[-74.3515,-44.118],[-74.2715,-44.117],[-74.197,-44.1375],[-74.1825,-44.115],[-74.3445,-44.0925]]],[[[-73.693,-43.934],[-73.7365,-43.992],[-73.7145,-44.032],[-73.648,-44.081],[-73.6405,-44.1385],[-73.581,-44.103],[-73.581,-44.061],[-73.635,-44.0275],[-73.598,-44.003],[-73.693,-43.934]]],[[[-73.8945,-43.932],[-73.927,-43.9575],[-73.852,-43.9925],[-73.7865,-43.9795],[-73.8945,-43.932]]],[[[-73.763,-43.9055],[-73.8505,-43.925],[-73.7975,-43.9475],[-73.763,-43.9055]]],[[[-73.142,-43.8795],[-73.241,-43.915],[-73.266,-43.9695],[-73.217,-44.0225],[-73.147,-44.014],[-73.118,-43.947],[-73.1145,-43.9025],[-73.142,-43.8795]]],[[[-73.7725,-43.8265],[-73.83,-43.8655],[-73.8405,-43.9],[-73.7505,-43.896],[-73.733,-43.8765],[-73.7725,-43.8265]]],[[[-73.851,-43.772],[-73.8995,-43.841],[-73.9705,-43.846],[-74.063,-43.805],[-74.1175,-43.8155],[-74.14,-43.8815],[-74.0775,-43.904],[-74.0215,-43.9085],[-73.9425,-43.9545],[-73.863,-43.915],[-73.9485,-43.87],[-73.7815,-43.8285],[-73.8055,-43.795],[-73.851,-43.772]]],[[[-73.269,-44.1465],[-73.2585,-44.193],[-73.1525,-44.1925],[-73.172,-44.251],[-72.979,-44.2815],[-72.892,-44.328],[-72.908,-44.3765],[-72.808,-44.4],[-72.733,-44.4505],[-72.717,-44.4985],[-72.665,-44.503],[-72.638,-44.447],[-72.656,-44.43],[-72.5825,-44.3925],[-72.6065,-44.4725],[-72.583,-44.5025],[-72.656,-44.541],[-72.6845,-44.6275],[-72.7175,-44.6625],[-72.683,-44.7355],[-72.6915,-44.7725],[-72.736,-44.744],[-72.789,-44.7835],[-72.848,-44.809],[-72.9285,-44.8665],[-72.962,-44.8565],[-73.0975,-44.951],[-73.1455,-44.9345],[-73.218,-44.9625],[-73.295,-44.9495],[-73.356,-44.9545],[-73.376,-45.0155],[-73.363,-45.0665],[-73.317,-45.0965],[-73.274,-45.149],[-73.303,-45.1985],[-73.426,-45.1885],[-73.513,-45.2255],[-73.425,-45.2745],[-73.3155,-45.29],[-73.2725,-45.246],[-73.209,-45.2385],[-73.1445,-45.288],[-73.0555,-45.3375],[-73.035,-45.376],[-72.9955,-45.3965],[-72.8895,-45.42],[-72.8745,-45.389],[-72.7965,-45.3855],[-72.7985,-45.4315],[-72.862,-45.4695],[-72.9845,-45.454],[-73.0255,-45.42],[-73.1055,-45.3945],[-73.147,-45.3585],[-73.149,-45.3155],[-73.1975,-45.2915],[-73.2215,-45.314],[-73.285,-45.318],[-73.317,-45.36],[-73.4425,-45.4165],[-73.476,-45.4455],[-73.5055,-45.522],[-73.5245,-45.6525],[-73.548,-45.7465],[-73.4725,-45.742],[-73.436,-45.718],[-73.3615,-45.6345],[-73.275,-45.612],[-73.265,-45.6505],[-73.153,-45.655],[-73.1905,-45.689],[-73.289,-45.68],[-73.375,-45.6965],[-73.421,-45.7415],[-73.531,-45.825],[-73.52,-45.848],[-73.418,-45.87],[-73.3725,-45.892],[-73.3405,-45.8925],[-73.266,-45.876],[-73.226,-45.8885],[-73.316,-45.8995],[-73.328,-45.916],[-73.3755,-45.964],[-73.3815,-46.041],[-73.449,-46.1235],[-73.524,-46.1995],[-73.519,-46.219],[-73.597,-46.3385],[-73.631,-46.3395],[-73.721,-46.414],[-73.77,-46.4935],[-73.7665,-46.5165],[-73.8075,-46.576],[-73.8565,-46.5885],[-73.933,-46.5505],[-73.887,-46.5125],[-73.8625,-46.455],[-73.771,-46.3795],[-73.7225,-46.2665],[-73.726,-46.2315],[-73.808,-46.1985],[-73.8615,-46.1345],[-73.9825,-46.1465],[-73.9395,-46.0795],[-73.9495,-46.043],[-74.007,-45.986],[-74.0125,-45.925],[-74.0775,-45.918],[-74.1575,-45.888],[-74.0725,-45.8645],[-74.065,-45.823],[-74.1135,-45.8085],[-74.208,-45.8145],[-74.266,-45.834],[-74.29,-45.81],[-74.35,-45.7995],[-74.4275,-45.824],[-74.4365,-45.881],[-74.3875,-45.934],[-74.382,-45.9765],[-74.41,-46.0315],[-74.4485,-46.021],[-74.4185,-45.94],[-74.524,-45.839],[-74.638,-45.835],[-74.684,-45.816],[-74.7955,-45.8335],[-74.781,-45.8685],[-74.8815,-45.8885],[-75.0145,-45.8595],[-75.0895,-45.8905],[-75.0605,-45.9725],[-75.0035,-45.986],[-74.958,-46.026],[-75.0595,-46.0455],[-75.047,-46.092],[-75.015,-46.1125],[-74.923,-46.119],[-74.863,-46.1075],[-74.8285,-46.068],[-74.7095,-45.996],[-74.66,-46.0415],[-74.742,-46.05],[-74.796,-46.165],[-74.847,-46.1505],[-74.896,-46.18],[-74.9165,-46.222],[-74.96,-46.2405],[-75.002,-46.2145],[-75.0645,-46.243],[-75.15,-46.323],[-75.1795,-46.37],[-75.22,-46.372],[-75.2765,-46.4015],[-75.352,-46.469],[-75.318,-46.497],[-75.398,-46.515],[-75.493,-46.524],[-75.464,-46.5615],[-75.4915,-46.5795],[-75.5905,-46.583],[-75.5985,-46.6475],[-75.6415,-46.701],[-75.6245,-46.7655],[-75.6445,-46.8065],[-75.5825,-46.825],[-75.5625,-46.8885],[-75.4955,-46.916],[-75.51,-46.9425],[-75.444,-46.969],[-75.3995,-46.962],[-75.2715,-46.9045],[-75.254,-46.853],[-75.3155,-46.7835],[-75.3755,-46.7995],[-75.402,-46.7845],[-75.3325,-46.724],[-75.473,-46.7125],[-75.48,-46.6845],[-75.3525,-46.6465],[-75.3055,-46.6635],[-75.2635,-46.6415],[-75.191,-46.636],[-75.106,-46.6145],[-75.0415,-46.578],[-75.02,-46.687],[-74.9675,-46.7435],[-74.914,-46.7445],[-74.8255,-46.7775],[-74.769,-46.7755],[-74.666,-46.8165],[-74.5645,-46.775],[-74.5005,-46.7905],[-74.356,-46.7505],[-74.2735,-46.766],[-74.2515,-46.799],[-74.14,-46.899],[-74.0665,-46.9825],[-74.1345,-46.9965],[-74.1935,-47.087],[-74.185,-47.12],[-74.1425,-47.13],[-74.1515,-47.2455],[-74.1775,-47.26],[-74.2715,-47.2005],[-74.3025,-47.246],[-74.3875,-47.322],[-74.456,-47.3665],[-74.48,-47.4415],[-74.3825,-47.4915],[-74.3825,-47.507],[-74.301,-47.5395],[-74.2875,-47.5815],[-74.2485,-47.5885],[-74.185,-47.565],[-74.113,-47.579],[-74.172,-47.6095],[-74.188,-47.6495],[-74.277,-47.6355],[-74.3445,-47.6605],[-74.4755,-47.6845],[-74.538,-47.676],[-74.513,-47.633],[-74.47,-47.677],[-74.404,-47.659],[-74.348,-47.5995],[-74.364,-47.5465],[-74.42,-47.522],[-74.501,-47.5135],[-74.5605,-47.54],[-74.6055,-47.5865],[-74.634,-47.6545],[-74.685,-47.691],[-74.677,-47.721],[-74.625,-47.7485],[-74.4745,-47.7785],[-74.4275,-47.744],[-74.3655,-47.7505],[-74.315,-47.778],[-74.225,-47.756],[-74.1485,-47.7815],[-74.1255,-47.7695],[-74.0205,-47.767],[-73.9955,-47.806],[-73.879,-47.8295],[-73.8165,-47.8],[-73.712,-47.769],[-73.738,-47.7245],[-73.702,-47.6915],[-73.665,-47.772],[-73.5755,-47.786],[-73.566,-47.8085],[-73.4945,-47.8305],[-73.502,-47.8865],[-73.607,-47.8655],[-73.5915,-48.0005],[-73.4695,-48.0905],[-73.449,-48.124],[-73.3715,-48.1435],[-73.3185,-48.1755],[-73.3335,-48.2115],[-73.422,-48.165],[-73.4885,-48.204],[-73.5155,-48.242],[-73.5475,-48.13],[-73.6235,-48.1185],[-73.749,-48.0455],[-73.8305,-48.0395],[-73.865,-48.015],[-73.927,-48.0265],[-74.011,-47.9725],[-74.105,-47.977],[-74.253,-47.9975],[-74.2515,-48.0385],[-74.2045,-48.0995],[-74.2075,-48.157],[-74.289,-47.999],[-74.371,-47.9595],[-74.494,-47.93],[-74.5365,-47.965],[-74.596,-47.9825],[-74.6045,-48.042],[-74.56,-48.0875],[-74.4565,-48.0975],[-74.4485,-48.123],[-74.379,-48.181],[-74.265,-48.23],[-74.211,-48.2625],[-74.229,-48.32],[-74.183,-48.348],[-74.1185,-48.3435],[-74.0505,-48.3905],[-74.0045,-48.3885],[-73.9805,-48.429],[-73.98,-48.5],[-74.066,-48.5075],[-74.146,-48.466],[-74.1955,-48.48],[-74.2435,-48.528],[-74.3285,-48.5775],[-74.304,-48.6745],[-74.2435,-48.718],[-74.1595,-48.6885],[-73.9765,-48.716],[-73.959,-48.722],[-73.59,-48.9425],[-73.143,-49.2115],[-73.142,-49.18],[-73.0615,-49.1265],[-73.047,-49.0825],[-73.0045,-49.0635],[-72.99,-48.9915],[-72.9205,-48.9355],[-72.849,-48.9655],[-72.7915,-48.9605],[-72.6885,-48.865],[-72.6395,-48.866],[-72.53,-48.796],[-72.542,-48.7385],[-72.541,-48.635],[-72.58,-48.4865],[-72.5355,-48.482],[-72.505,-48.515],[-72.442,-48.513],[-72.3745,-48.4495],[-72.405,-48.4145],[-72.346,-48.3845],[-72.343,-48.3445],[-72.28,-48.361],[-72.228,-48.3185],[-72.315,-48.235],[-72.3055,-48.1395],[-72.3695,-48.075],[-72.4435,-48.0635],[-72.4295,-47.9715],[-72.499,-47.9615],[-72.523,-47.91],[-72.4785,-47.871],[-72.4685,-47.8125],[-72.506,-47.762],[-72.4395,-47.7315],[-72.4475,-47.704],[-72.3815,-47.636],[-72.3535,-47.637],[-72.3115,-47.591],[-72.3265,-47.57],[-72.292,-47.512],[-72.3405,-47.4685],[-72.2665,-47.4155],[-72.1975,-47.4165],[-72.1585,-47.389],[-72.127,-47.328],[-72.0705,-47.342],[-71.997,-47.295],[-72.0145,-47.2515],[-72.0015,-47.207],[-71.8835,-47.2285],[-71.8905,-47.1875],[-71.85,-47.163],[-71.88,-47.1075],[-71.9505,-47.087],[-71.88,-47.011],[-71.915,-46.9985],[-71.969,-46.9185],[-71.9315,-46.8685],[-71.956,-46.815],[-71.861,-46.804],[-71.771,-46.7655],[-71.689,-46.701],[-71.648,-46.6885],[-71.646,-46.638],[-71.667,-46.6175],[-71.6685,-46.529],[-71.757,-46.3455],[-71.724,-46.285],[-71.753,-46.228],[-71.7905,-46.1925],[-71.86,-46.194],[-71.91,-46.1595],[-71.8875,-46.1265],[-71.7605,-46.1095],[-71.666,-46.0395],[-71.6185,-45.947],[-71.6575,-45.8835],[-71.756,-45.85],[-71.7425,-45.806],[-71.7715,-45.743],[-71.7725,-45.6955],[-71.796,-45.665],[-71.734,-45.5815],[-71.745,-45.5415],[-71.679,-45.515],[-71.56,-45.5235],[-71.47,-45.495],[-71.509,-45.4605],[-71.528,-45.3915],[-71.4595,-45.384],[-71.3335,-45.3195],[-71.347,-45.2725],[-71.333,-45.2415],[-71.37,-45.2245],[-71.4185,-45.176],[-71.4655,-45.15],[-71.5055,-45.0715],[-71.558,-45.0305],[-71.542,-45.0025],[-71.603,-44.9705],[-71.657,-44.9755],[-71.806,-44.9315],[-71.884,-44.951],[-72.05,-44.882],[-72.067,-44.8505],[-72.027,-44.806],[-71.9145,-44.777],[-71.856,-44.802],[-71.7845,-44.7515],[-71.7355,-44.769],[-71.5995,-44.77],[-71.5335,-44.744],[-71.471,-44.7375],[-71.395,-44.7905],[-71.327,-44.8085],[-71.247,-44.7985],[-71.2055,-44.751],[-71.202,-44.721],[-71.2345,-44.652],[-71.195,-44.6],[-71.096,-44.586],[-71.092,-44.532],[-71.162,-44.4985],[-71.129,-44.471],[-71.1725,-44.4395],[-71.268,-44.424],[-71.3485,-44.4245],[-71.387,-44.3855],[-71.5515,-44.409],[-71.72,-44.3915],[-71.794,-44.4145],[-71.84,-44.351],[-71.786,-44.331],[-71.8275,-44.2595],[-71.798,-44.193],[-71.8475,-44.156],[-71.847,-44.1105],[-71.7685,-44.1075],[-71.737,-44.067],[-71.7905,-44.055],[-71.8215,-44.011],[-71.828,-43.9505],[-71.8565,-43.929],[-71.962,-43.9645],[-72.0315,-43.9425],[-72.1035,-43.941],[-72.081,-43.897],[-72.1855,-43.873],[-72.2405,-43.8075],[-72.2905,-43.7915],[-72.2925,-43.7495],[-72.322,-43.684],[-72.349,-43.6745],[-72.4165,-43.703],[-72.425,-43.73],[-72.476,-43.7355],[-72.491,-43.788],[-72.568,-43.777],[-72.612,-43.755],[-72.7635,-43.77],[-72.798,-43.7425],[-72.7665,-43.6855],[-72.8225,-43.6555],[-72.855,-43.7405],[-72.894,-43.738],[-72.934,-43.697],[-73.047,-43.738],[-72.985,-43.7405],[-72.9295,-43.769],[-72.8385,-43.77],[-72.952,-43.815],[-73.044,-43.861],[-73.03,-43.916],[-73.0875,-43.9315],[-73.1355,-44.0135],[-73.1055,-44.0455],[-73.2095,-44.067],[-73.2005,-44.128],[-73.27,-44.1125],[-73.269,-44.1465]]]]},"properties":{"codigo":"11","nombre":"Región de Aysén del Gral.Ibañez del Campo"}},
{"type":"Feature","geometry":{"type":"Polygon","coordinates":[[[-71.4975,-29.183],[-71.439,-29.254],[-71.375,-29.2965],[-71.3265,-29.3465],[-71.3405,-29.401],[-71.3065,-29.431],[-71.3315,-29.5185],[-71.325,-29.568],[-71.2885,-29.607],[-71.312,-29.649],[-71.341,-29.7675],[-71.3085,-29.823],[-71.2845,-29.8285],[-71.273,-29.8935],[-71.2875,-29.9415],[-71.4155,-30.0105],[-71.3715,-30.0845],[-71.3745,-30.1565],[-71.41,-30.193],[-71.4555,-30.175],[-71.4785,-30.2435],[-71.5175,-30.2885],[-71.6075,-30.2985],[-71.6195,-30.245],[-71.6535,-30.2735],[-71.679,-30.359],[-71.694,-30.5445],[-71.7175,-30.6015],[-71.7005,-30.676],[-71.7075,-30.7655],[-71.678,-30.898],[-71.6495,-30.979],[-71.665,-31.0405],[-71.6515,-31.1105],[-71.668,-31.165],[-71.632,-31.2555],[-71.6375,-31.3035],[-71.615,-31.3265],[-71.6175,-31.3955],[-71.5695,-31.5005],[-71.573,-31.584],[-71.5455,-31.684],[-71.545,-31.74],[-71.507,-31.76],[-71.516,-31.8525],[-71.496,-31.898],[-71.5175,-31.9415],[-71.5,-31.975],[-71.5315,-32.1065],[-71.515,-32.1305],[-71.5415,-32.1775],[-71.4925,-32.159],[-71.4095,-32.1895],[-71.3385,-32.203],[-71.2555,-32.172],[-71.2115,-32.128],[-71.1815,-32.171],[-71.1575,-32.1625],[-71.0875,-32.1035],[-71.031,-32.069],[-71.041,-32.0325],[-70.879,-32.064],[-70.8025,-32.0345],[-70.7395,-32.021],[-70.657,-32.055],[-70.654,-32.1335],[-70.594,-32.164],[-70.456,-32.1725],[-70.457,-32.213],[-70.433,-32.227],[-70.4155,-32.282],[-70.361,-32.254],[-70.3205,-32.269],[-70.301,-32.207],[-70.3165,-32.159],[-70.304,-32.136],[-70.341,-32.1105],[-70.322,-32.0495],[-70.2485,-32.0235],[-70.2505,-31.9925],[-70.208,-31.978],[-70.2405,-31.918],[-70.28,-31.884],[-70.344,-31.8865],[-70.4035,-31.8745],[-70.4545,-31.849],[-70.475,-31.6935],[-70.5135,-31.69],[-70.5315,-31.6385],[-70.5665,-31.5835],[-70.552,-31.5115],[-70.569,-31.473],[-70.56,-31.4205],[-70.5335,-31.4095],[-70.527,-31.365],[-70.547,-31.3145],[-70.5155,-31.232],[-70.524,-31.189],[-70.5095,-31.1485],[-70.452,-31.086],[-70.4,-31.168],[-70.364,-31.1395],[-70.368,-31.11],[-70.322,-31.043],[-70.2695,-31.044],[-70.303,-30.9955],[-70.293,-30.9705],[-70.3225,-30.9335],[-70.2775,-30.8115],[-70.273,-30.755],[-70.2455,-30.7285],[-70.259,-30.701],[-70.2465,-30.6335],[-70.181,-30.513],[-70.195,-30.4925],[-70.136,-30.4595],[-70.117,-30.432],[-70.1545,-30.3465],[-70.02,-30.397],[-69.955,-30.3855],[-69.905,-30.3405],[-69.906,-30.31],[-69.879,-30.258],[-69.8855,-30.2185],[-69.8355,-30.219],[-69.809,-30.1535],[-69.905,-30.106],[-69.9295,-30.12],[-69.9535,-30.067],[-69.914,-30.0255],[-69.927,-30.003],[-69.899,-29.959],[-69.8965,-29.8785],[-69.9115,-29.7915],[-69.8775,-29.7265],[-69.91,-29.699],[-69.9415,-29.6455],[-69.9355,-29.5645],[-69.9515,-29.501],[-69.987,-29.4955],[-70.036,-29.524],[-70.086,-29.535],[-70.193,-29.5185],[-70.201,-29.48],[-70.254,-29.417],[-70.305,-29.3735],[-70.3655,-29.37],[-70.394,-29.399],[-70.459,-29.382],[-70.469,-29.3505],[-70.455,-29.3105],[-70.4805,-29.287],[-70.468,-29.2395],[-70.494,-29.2175],[-70.494,-29.1615],[-70.542,-29.098],[-70.5345,-29.0615],[-70.607,-29.038],[-70.652,-29.057],[-70.7235,-29.057],[-70.7315,-29.105],[-70.802,-29.139],[-70.844,-29.144],[-70.907,-29.1305],[-70.966,-29.169],[-71.02,-29.335],[-71.06,-29.3565],[-71.086,-29.3065],[-71.1835,-29.284],[-71.2,-29.1855],[-71.282,-29.187],[-71.3515,-29.1415],[-71.4145,-29.184],[-71.4975,-29.183]]]},"properties":{"codigo":"04","nombre":"Región de Coquimbo"}},
{"type":"Feature","geometry":{"type":"Polygon","coordinates":[[[-71.0435,-38.1225],[-71.0855,-38.0895],[-71.163,-38.1115],[-71.3775,-38.0855],[-71.4135,-38.11],[-71.436,-38.177],[-71.4885,-38.192],[-71.5535,-38.246],[-71.6085,-38.241],[-71.643,-38.3135],[-71.7095,-38.266],[-71.689,-38.2405],[-71.7155,-38.21],[-71.694,-38.169],[-71.709,-38.1345],[-71.7005,-38.0695],[-71.7695,-38.03],[-71.848,-38.0545],[-71.879,-38.0785],[-71.9665,-37.994],[-72.049,-38.014],[-72.1045,-37.992],[-72.1325,-37.952],[-72.1895,-37.9265],[-72.2375,-37.889],[-72.387,-37.85],[-72.4785,-37.7405],[-72.4935,-37.6455],[-72.596,-37.672],[-72.632,-37.669],[-72.653,-37.63],[-72.714,-37.626],[-72.766,-37.596],[-72.8405,-37.5965],[-72.9325,-37.6145],[-73.042,-37.6175],[-73.116,-37.6965],[-73.024,-37.7205],[-73.0155,-37.7475],[-73.0415,-37.781],[-73.0235,-37.803],[-73.047,-37.8445],[-73.1175,-37.8715],[-73.12,-37.9595],[-73.181,-38.004],[-73.206,-38.0505],[-73.0805,-38.0955],[-73.0775,-38.1685],[-73.093,-38.192],[-73.1945,-38.2315],[-73.2225,-38.272],[-73.2655,-38.2855],[-73.329,-38.343],[-73.2745,-38.49],[-73.3215,-38.4825],[-73.3205,-38.4375],[-73.365,-38.4035],[-73.417,-38.421],[-73.474,-38.473],[-73.5175,-38.481],[-73.4885,-38.6575],[-73.4165,-38.7815],[-73.319,-38.988],[-73.2255,-39.2545],[-73.2045,-39.3755],[-73.2425,-39.3905],[-73.171,-39.418],[-73.133,-39.3935],[-73.0865,-39.3885],[-73.0335,-39.337],[-73.0055,-39.2915],[-72.946,-39.3175],[-72.908,-39.2895],[-72.858,-39.288],[-72.8335,-39.311],[-72.857,-39.3565],[-72.9,-39.381],[-72.9005,-39.409],[-72.8395,-39.4135],[-72.7405,-39.4415],[-72.6885,-39.433],[-72.658,-39.4605],[-72.5355,-39.436],[-72.522,-39.472],[-72.4175,-39.48],[-72.3795,-39.5045],[-72.2705,-39.511],[-72.2075,-39.5305],[-72.147,-39.521],[-72.005,-39.445],[-71.9395,-39.42],[-71.859,-39.4435],[-71.842,-39.47],[-71.758,-39.508],[-71.719,-39.4935],[-71.679,-39.5655],[-71.6175,-39.5985],[-71.577,-39.6355],[-71.5025,-39.637],[-71.468,-39.5875],[-71.5335,-39.535],[-71.473,-39.492],[-71.446,-39.396],[-71.3945,-39.3395],[-71.3735,-39.2825],[-71.401,-39.1665],[-71.421,-39.151],[-71.4015,-39.037],[-71.4355,-38.9865],[-71.4245,-38.9215],[-71.339,-38.877],[-71.2675,-38.8525],[-71.2585,-38.815],[-71.207,-38.817],[-71.1505,-38.8],[-71.0915,-38.755],[-71.0025,-38.7695],[-70.925,-38.7635],[-70.885,-38.697],[-70.9035,-38.668],[-70.8285,-38.599],[-70.8415,-38.5395],[-70.898,-38.5095],[-70.9575,-38.4445],[-70.977,-38.4435],[-71.021,-38.214],[-70.9955,-38.1705],[-71.0435,-38.1225]]]},"properties":{"codigo":"09","nombre":"Región de La Araucanía"}},
{"type":"Feature","geometry":{"type":"MultiPolygon","coordinates":[[[[-74.7425,-43.5175],[-74.7445,-43.5665],[-74.833,-43.5745],[-74.8205,-43.615],[-74.766,-43.6825],[-74.723,-43.654],[-74.5915,-43.632],[-74.58,-43.5945],[-74.65,-43.554],[-74.7425,-43.5175]]],[[[-74.2525,-43.349],[-74.28,-43.4115],[-74.246,-43.413],[-74.2525,-43.349]]],[[[-73.759,-43.3175],[-73.8085,-43.3235],[-73.7765,-43.3725],[-73.744,-43.393],[-73.6815,-43.392],[-73.662,-43.3535],[-73.759,-43.3175]]],[[[-73.7115,-43.181],[-73.7435,-43.205],[-73.6635,-43.234],[-73.662,-43.1945],[-73.7115,-43.181]]],[[[-73.5535,-43.138],[-73.585,-43.141],[-73.5705,-43.201],[-73.533,-43.195],[-73.5535,-43.138]]],[[[-73.564,-42.9165],[-73.569,-42.943],[-73.5215,-42.968],[-73.3495,-43.0125],[-73.3525,-42.989],[-73.517,-42.918],[-73.564,-42.9165]]],[[[-72.997,-42.7025],[-73.0315,-42.72],[-72.976,-42.7795],[-72.918,-42.783],[-72.94,-42.7175],[-72.997,-42.7025]]],[[[-73.3295,-42.6235],[-73.3115,-42.6525],[-73.2425,-42.664],[-73.233,-42.634],[-73.3295,-42.6235]]],[[[-73.4575,-42.6145],[-73.4925,-42.603],[-73.53,-42.647],[-73.4715,-42.6485],[-73.4575,-42.6145]]],[[[-73.5935,-42.57],[-73.6475,-42.5955],[-73.7205,-42.596],[-73.7435,-42.63],[-73.6965,-42.655],[-73.667,-42.64],[-73.5995,-42.6525],[-73.5655,-42.618],[-73.5935,-42.57]]],[[[-73.5945,-42.382],[-73.658,-42.3975],[-73.6095,-42.4305],[-73.6035,-42.4615],[-73.5215,-42.4795],[-73.512,-42.504],[-73.438,-42.526],[-73.4495,-42.487],[-73.5135,-42.457],[-73.5465,-42.399],[-73.5945,-42.382]]],[[[-73.0665,-42.269],[-73.1095,-42.258],[-73.1575,-42.286],[-73.1115,-42.335],[-73.0535,-42.2825],[-73.0665,-42.269]]],[[[-73.387,-42.108],[-73.423,-42.133],[-73.399,-42.1735],[-73.3485,-42.178],[-73.387,-42.108]]],[[[-72.5305,-42.073],[-72.5755,-42.0815],[-72.583,-42.1315],[-72.5115,-42.169],[-72.4795,-42.1435],[-72.495,-42.1],[-72.5305,-42.073]]],[[[-72.461,-41.9855],[-72.513,-42.0545],[-72.479,-42.067],[-72.461,-41.9855]]],[[[-73.8805,-41.7825],[-73.9385,-41.7965],[-74.023,-41.7845],[-74.06,-41.831],[-73.9955,-41.886],[-74.0095,-41.927],[-74.0575,-41.988],[-74.032,-42.0225],[-74.0285,-42.0685],[-74.062,-42.1465],[-74.135,-42.2015],[-74.173,-42.268],[-74.1395,-42.318],[-74.158,-42.3875],[-74.1895,-42.44],[-74.1825,-42.521],[-74.157,-42.5415],[-74.129,-42.6065],[-74.1205,-42.663],[-74.167,-42.7735],[-74.152,-42.8395],[-74.1675,-42.899],[-74.228,-42.918],[-74.204,-42.948],[-74.2255,-43.0135],[-74.324,-43.0975],[-74.338,-43.1405],[-74.4045,-43.2675],[-74.327,-43.2925],[-74.298,-43.3255],[-74.2175,-43.329],[-74.144,-43.349],[-74.104,-43.3925],[-74.035,-43.3605],[-73.918,-43.375],[-73.8795,-43.424],[-73.799,-43.4165],[-73.79,-43.3865],[-73.7945,-43.3535],[-73.811,-43.3345],[-73.8095,-43.3125],[-73.6605,-43.3185],[-73.6745,-43.267],[-73.752,-43.2055],[-73.7385,-43.172],[-73.641,-43.121],[-73.563,-43.114],[-73.4805,-43.1445],[-73.485,-43.094],[-73.596,-43.0425],[-73.5355,-43.0335],[-73.5475,-42.9725],[-73.597,-42.9695],[-73.6315,-42.8855],[-73.5595,-42.89],[-73.474,-42.861],[-73.488,-42.7925],[-73.5465,-42.755],[-73.6085,-42.75],[-73.706,-42.6645],[-73.788,-42.6115],[-73.7245,-42.5665],[-73.592,-42.535],[-73.615,-42.5075],[-73.6835,-42.48],[-73.641,-42.4365],[-73.673,-42.4025],[-73.625,-42.365],[-73.537,-42.3395],[-73.4715,-42.344],[-73.441,-42.3245],[-73.356,-42.3385],[-73.348,-42.2525],[-73.3635,-42.2215],[-73.4125,-42.202],[-73.457,-42.163],[-73.4635,-42.126],[-73.421,-42.103],[-73.4145,-42.073],[-73.4835,-42.018],[-73.54,-41.9255],[-73.509,-41.9245],[-73.509,-41.832],[-73.5395,-41.7965],[-73.5955,-41.801],[-73.615,-41.8235],[-73.674,-41.8025],[-73.722,-41.8415],[-73.781,-41.8705],[-73.886,-41.8775],[-73.999,-41.8405],[-73.8945,-41.814],[-73.8805,-41.7825]]],[[[-73.051,-41.7425],[-73.1155,-41.8065],[-73.031,-41.863],[-72.9845,-41.858],[-72.9915,-41.8235],[-73.026,-41.794],[-73.051,-41.7425]]],[[[-72.96,-41.6595],[-73.001,-41.698],[-72.9535,-41.725],[-72.886,-41.696],[-72.96,-41.6595]]],[[[-71.737,-44.067],[-71.6805,-43.9715],[-71.6485,-43.9455],[-71.6655,-43.902],[-71.705,-43.8675],[-71.7635,-43.841],[-71.754,-43.788],[-71.698,-43.7275],[-71.6565,-43.7005],[-71.6,-43.6975],[-71.581,-43.652],[-71.608,-43.629],[-71.703,-43.623],[-71.7075,-43.5845],[-71.76,-43.584],[-71.7765,-43.5385],[-71.867,-43.551],[-71.879,-43.5325],[-71.848,-43.4835],[-71.8805,-43.4515],[-71.9305,-43.4565],[-71.891,-43.3815],[-71.891,-43.3245],[-71.8395,-43.334],[-71.787,-43.2965],[-71.732,-43.3085],[-71.757,-43.228],[-71.7295,-43.1985],[-71.7605,-43.165],[-71.8585,-43.1425],[-71.8935,-43.1065],[-71.9335,-43.098],[-71.9355,-43.054],[-71.9995,-43.0385],[-72.038,-43.01],[-72.073,-42.95],[-72.117,-42.9365],[-72.142,-42.901],[-72.165,-42.7985],[-72.1335,-42.7725],[-72.139,-42.711],[-72.1185,-42.629],[-72.0105,-42.4885],[-72.047,-42.4525],[-72.0275,-42.408],[-72.131,-42.384],[-72.1215,-42.3235],[-72.168,-42.26],[-72.1575,-42.193],[-72.1755,-42.142],[-72.0915,-42.1485],[-72.0535,-42.114],[-72.0095,-42.139],[-71.9555,-42.143],[-71.927,-42.189],[-71.8745,-42.155],[-71.8325,-42.1625],[-71.777,-42.13],[-71.7305,-42.122],[-71.7445,-42.0375],[-71.7945,-41.9615],[-71.7725,-41.9295],[-71.793,-41.832],[-71.7635,-41.782],[-71.7915,-41.702],[-71.8305,-41.676],[-71.8855,-41.6055],[-71.828,-41.551],[-71.8525,-41.5155],[-71.8285,-41.4805],[-71.866,-41.397],[-71.9095,-41.3585],[-71.8775,-41.299],[-71.8965,-41.2715],[-71.8505,-41.2505],[-71.8865,-41.161],[-71.84,-41.1505],[-71.851,-41.0985],[-71.818,-41.0625],[-71.9085,-40.9725],[-71.8565,-40.959],[-71.87,-40.8925],[-71.927,-40.833],[-71.9195,-40.787],[-71.958,-40.76],[-71.9585,-40.723],[-71.869,-40.6635],[-71.8365,-40.594],[-71.8765,-40.568],[-71.929,-40.591],[-71.9705,-40.635],[-72.052,-40.63],[-72.067,-40.656],[-72.199,-40.6715],[-72.298,-40.649],[-72.357,-40.6595],[-72.4375,-40.654],[-72.5445,-40.6635],[-72.607,-40.681],[-72.657,-40.6245],[-72.772,-40.6015],[-72.8085,-40.563],[-72.889,-40.5075],[-72.907,-40.4405],[-72.9795,-40.386],[-73.0305,-40.384],[-73.078,-40.3455],[-73.272,-40.3525],[-73.2925,-40.337],[-73.364,-40.3425],[-73.414,-40.321],[-73.4665,-40.279],[-73.597,-40.3015],[-73.654,-40.286],[-73.7145,-40.2455],[-73.748,-40.2855],[-73.766,-40.4545],[-73.757,-40.4975],[-73.7165,-40.534],[-73.735,-40.5945],[-73.804,-40.6355],[-73.8065,-40.7225],[-73.853,-40.788],[-73.877,-40.884],[-73.8665,-40.9395],[-73.936,-40.9635],[-73.943,-40.983],[-73.9185,-41.0845],[-73.909,-41.1665],[-73.874,-41.2035],[-73.8335,-41.3205],[-73.843,-41.4595],[-73.801,-41.503],[-73.7825,-41.5555],[-73.749,-41.5575],[-73.699,-41.5905],[-73.6345,-41.5825],[-73.7035,-41.7035],[-73.736,-41.7445],[-73.5515,-41.7695],[-73.491,-41.797],[-73.4205,-41.7825],[-73.391,-41.806],[-73.3435,-41.7725],[-73.2825,-41.7795],[-73.235,-41.8015],[-73.0375,-41.7045],[-73.0665,-41.6675],[-73.0965,-41.589],[-73.0315,-41.5615],[-73.045,-41.5295],[-72.9775,-41.486],[-72.92,-41.4755],[-72.886,-41.4995],[-72.836,-41.4865],[-72.7415,-41.54],[-72.664,-41.6645],[-72.6285,-41.708],[-72.57,-41.7155],[-72.5125,-41.6875],[-72.4785,-41.6905],[-72.3665,-41.636],[-72.3545,-41.602],[-72.313,-41.3815],[-72.2755,-41.392],[-72.311,-41.4665],[-72.2845,-41.5005],[-72.3235,-41.595],[-72.329,-41.6415],[-72.361,-41.677],[-72.465,-41.7255],[-72.5095,-41.723],[-72.5875,-41.748],[-72.6355,-41.734],[-72.7,-41.788],[-72.79,-41.8375],[-72.845,-41.9225],[-72.8015,-41.948],[-72.8105,-41.9725],[-72.7455,-41.9985],[-72.6275,-42.015],[-72.643,-42.0375],[-72.535,-42.0435],[-72.494,-41.9695],[-72.4265,-41.977],[-72.4685,-42.126],[-72.4435,-42.1655],[-72.4595,-42.211],[-72.435,-42.267],[-72.4705,-42.3005],[-72.4275,-42.3755],[-72.403,-42.487],[-72.4475,-42.47],[-72.447,-42.417],[-72.509,-42.3455],[-72.5265,-42.273],[-72.514,-42.245],[-72.5595,-42.2005],[-72.6,-42.1955],[-72.6705,-42.225],[-72.72,-42.224],[-72.768,-42.243],[-72.8305,-42.3185],[-72.79,-42.3245],[-72.7565,-42.388],[-72.705,-42.404],[-72.6845,-42.46],[-72.6205,-42.5205],[-72.5695,-42.5345],[-72.537,-42.585],[-72.675,-42.521],[-72.809,-42.5055],[-72.847,-42.615],[-72.832,-42.6675],[-72.7995,-42.697],[-72.8445,-42.719],[-72.856,-42.7665],[-72.834,-42.8355],[-72.7955,-42.8735],[-72.7125,-42.913],[-72.788,-43.0265],[-72.8545,-43.027],[-72.91,-43.138],[-72.8705,-43.233],[-72.962,-43.2615],[-73.0625,-43.323],[-73.051,-43.395],[-73.091,-43.4325],[-73.0815,-43.476],[-73.0285,-43.5375],[-73.0155,-43.5765],[-72.9665,-43.5885],[-72.918,-43.628],[-72.954,-43.6425],[-72.966,-43.683],[-73.031,-43.7115],[-73.047,-43.738],[-72.934,-43.697],[-72.894,-43.738],[-72.855,-43.7405],[-72.8225,-43.6555],[-72.7665,-43.6855],[-72.798,-43.7425],[-72.7635,-43.77],[-72.612,-43.755],[-72.568,-43.777],[-72.491,-43.788],[-72.476,-43.7355],[-72.425,-43.73],[-72.4165,-43.703],[-72.349,-43.6745],[-72.322,-43.684],[-72.2925,-43.7495],[-72.2905,-43.7915],[-72.2405,-43.8075],[-72.1855,-43.873],[-72.081,-43.897],[-72.1035,-43.941],[-72.0315,-43.9425],[-71.962,-43.9645],[-71.8565,-43.929],[-71.828,-43.9505],[-71.8215,-44.011],[-71.7905,-44.055],[-71.737,-44.067]]]]},"properties":{"codigo":"10","nombre":"Región de Los Lagos"}},
{"type":"Feature","geometry":{"type":"MultiPolygon","coordinates":[[[[-73.3085,-39.8585],[-73.3375,-39.899],[-73.3295,-39.931],[-73.286,-39.946],[-73.2575,-39.8995],[-73.3085,-39.8585]]],[[[-73.2425,-39.3905],[-73.2245,-39.448],[-73.265,-39.4615],[-73.25,-39.5305],[-73.289,-39.555],[-73.282,-39.588],[-73.3525,-39.674],[-73.4105,-39.7135],[-73.3895,-39.764],[-73.4085,-39.8215],[-73.3865,-39.8765],[-73.31,-39.847],[-73.262,-39.86],[-73.2505,-39.902],[-73.272,-39.9395],[-73.296,-39.953],[-73.3195,-39.9565],[-73.343,-39.9105],[-73.4025,-39.9065],[-73.4325,-39.8615],[-73.593,-39.957],[-73.6775,-39.9645],[-73.6855,-40.0155],[-73.651,-40.087],[-73.653,-40.134],[-73.696,-40.192],[-73.725,-40.2],[-73.7145,-40.2455],[-73.654,-40.286],[-73.597,-40.3015],[-73.4665,-40.279],[-73.414,-40.321],[-73.364,-40.3425],[-73.2925,-40.337],[-73.272,-40.3525],[-73.078,-40.3455],[-73.0305,-40.384],[-72.9795,-40.386],[-72.907,-40.4405],[-72.889,-40.5075],[-72.8085,-40.563],[-72.772,-40.6015],[-72.657,-40.6245],[-72.607,-40.681],[-72.5445,-40.6635],[-72.4375,-40.654],[-72.357,-40.6595],[-72.298,-40.649],[-72.199,-40.6715],[-72.067,-40.656],[-72.052,-40.63],[-71.9705,-40.635],[-71.929,-40.591],[-71.8765,-40.568],[-71.8585,-40.5545],[-71.842,-40.452],[-71.808,-40.4065],[-71.7385,-40.4345],[-71.6925,-40.405],[-71.661,-40.364],[-71.6845,-40.2935],[-71.717,-40.279],[-71.7615,-40.299],[-71.8295,-40.2165],[-71.803,-40.1835],[-71.8005,-40.1145],[-71.765,-40.0905],[-71.6975,-40.118],[-71.666,-40.0735],[-71.689,-40.037],[-71.6515,-39.973],[-71.5925,-39.9015],[-71.647,-39.853],[-71.6855,-39.8555],[-71.673,-39.804],[-71.712,-39.7245],[-71.686,-39.679],[-71.716,-39.6345],[-71.679,-39.5655],[-71.719,-39.4935],[-71.758,-39.508],[-71.842,-39.47],[-71.859,-39.4435],[-71.9395,-39.42],[-72.005,-39.445],[-72.147,-39.521],[-72.2075,-39.5305],[-72.2705,-39.511],[-72.3795,-39.5045],[-72.4175,-39.48],[-72.522,-39.472],[-72.5355,-39.436],[-72.658,-39.4605],[-72.6885,-39.433],[-72.7405,-39.4415],[-72.8395,-39.4135],[-72.9005,-39.409],[-72.9,-39.381],[-72.857,-39.3565],[-72.8335,-39.311],[-72.858,-39.288],[-72.908,-39.2895],[-72.946,-39.3175],[-73.0055,-39.2915],[-73.0335,-39.337],[-73.0865,-39.3885],[-73.133,-39.3935],[-73.171,-39.418],[-73.2425,-39.3905]]]]},"properties":{"codigo":"14","nombre":"Región de Los Ríos"}},
{"type":"Feature","geometry":{"type":"MultiPolygon","coordinates":[[[[-67.0945,-55.814],[-67.166,-55.84],[-67.167,-55.8805],[-67.128,-55.8975],[-67.0945,-55.814]]],[[[-67.299,-55.8045],[-67.3685,-55.8085],[-67.348,-55.857],[-67.251,-55.893],[-67.1975,-55.883],[-67.299,-55.8045]]],[[[-67.5955,-55.7955],[-67.5735,-55.818],[-67.6875,-55.8295],[-67.826,-55.816],[-67.909,-55.8335],[-67.901,-55.873],[-67.7295,-55.8795],[-67.625,-55.849],[-67.6105,-55.889],[-67.506,-55.825],[-67.5955,-55.7955]]],[[[-67.598,-55.6025],[-67.696,-55.676],[-67.591,-55.68],[-67.5465,-55.6305],[-67.598,-55.6025]]],[[[-67.3725,-55.5665],[-67.44,-55.573],[-67.471,-55.6035],[-67.407,-55.6745],[-67.57,-55.675],[-67.531,-55.7255],[-67.4475,-55.773],[-67.409,-55.75],[-67.35,-55.7945],[-67.2855,-55.789],[-67.2565,-55.757],[-67.2775,-55.7045],[-67.3255,-55.6885],[-67.3665,-55.72],[-67.3725,-55.5665]]],[[[-67.665,-55.497],[-67.705,-55.525],[-67.684,-55.5545],[-67.738,-55.614],[-67.6545,-55.6105],[-67.6145,-55.5415],[-67.665,-55.497]]],[[[-69.587,-55.426],[-69.5995,-55.4635],[-69.527,-55.469],[-69.4895,-55.509],[-69.4395,-55.4795],[-69.5155,-55.4415],[-69.587,-55.426]]],[[[-69.767,-55.3715],[-69.7635,-55.434],[-69.6835,-55.4705],[-69.63,-55.4035],[-69.767,-55.3715]]],[[[-69.9775,-55.3145],[-70.1045,-55.3245],[-70.0645,-55.3775],[-69.9845,-55.3735],[-69.9415,-55.3465],[-69.9775,-55.3145]]],[[[-69.2645,-55.2605],[-69.363,-55.2845],[-69.3475,-55.3005],[-69.239,-55.301],[-69.2645,-55.2605]]],[[[-68.8655,-55.2415],[-68.91,-55.2545],[-68.951,-55.3175],[-68.8905,-55.343],[-68.8655,-55.2415]]],[[[-66.902,-55.2175],[-66.99,-55.23],[-67.061,-55.2765],[-67.0155,-55.3465],[-66.8935,-55.346],[-66.8385,-55.302],[-66.8645,-55.2255],[-66.902,-55.2175]]],[[[-66.526,-55.173],[-66.649,-55.2115],[-66.6545,-55.252],[-66.601,-55.2865],[-66.511,-55.267],[-66.4315,-55.1935],[-66.526,-55.173]]],[[[-68.2855,-55.155],[-68.3145,-55.2015],[-68.205,-55.2045],[-68.2855,-55.155]]],[[[-69.9865,-55.0185],[-70.08,-55.0345],[-70.075,-55.0845],[-70.0315,-55.0815],[-69.9865,-55.0185]]],[[[-67.0455,-54.9875],[-67.0515,-55.024],[-66.8865,-55.094],[-66.839,-55.0905],[-66.8605,-55.0275],[-67.0455,-54.9875]]],[[[-71.1705,-54.9635],[-71.199,-54.9855],[-71.1655,-55.0165],[-71.113,-54.9795],[-71.1705,-54.9635]]],[[[-71.218,-54.9435],[-71.268,-54.9565],[-71.273,-55.006],[-71.2095,-55],[-71.218,-54.9435]]],[[[-69.9895,-54.9365],[-70.1115,-54.9485],[-70.2,-54.988],[-70.2055,-55.027],[-70.09,-55.019],[-70.0135,-55.0025],[-69.956,-54.9605],[-69.9895,-54.9365]]],[[[-70.478,-54.9635],[-70.4665,-55.0025],[-70.344,-54.9855],[-70.264,-54.963],[-70.323,-54.925],[-70.4435,-54.947],[-70.478,-54.9635]]],[[[-68.513,-54.926],[-68.5725,-54.944],[-68.6835,-54.9445],[-68.832,-54.984],[-68.98,-54.9915],[-69.0175,-55.0135],[-69.1275,-54.9915],[-69.1965,-55.0065],[-69.2815,-55.0065],[-69.4005,-55.0355],[-69.4805,-55.041],[-69.7045,-55.0725],[-69.914,-55.094],[-70.035,-55.174],[-69.841,-55.3035],[-69.74,-55.3095],[-69.7195,-55.349],[-69.586,-55.3705],[-69.5845,-55.4065],[-69.5175,-55.4155],[-69.3855,-55.4765],[-69.2325,-55.5225],[-69.0725,-55.476],[-69.2035,-55.45],[-69.1925,-55.4055],[-69.258,-55.347],[-69.335,-55.3085],[-69.3685,-55.3055],[-69.385,-55.28],[-69.284,-55.2405],[-69.2495,-55.1925],[-69.1375,-55.2525],[-69.104,-55.2085],[-69.0525,-55.2415],[-69.049,-55.278],[-68.978,-55.274],[-68.9195,-55.2375],[-68.839,-55.2195],[-68.8695,-55.2895],[-68.8495,-55.323],[-68.9315,-55.4465],[-68.8785,-55.4815],[-68.7825,-55.513],[-68.7005,-55.4715],[-68.588,-55.4565],[-68.525,-55.4635],[-68.44,-55.494],[-68.3645,-55.484],[-68.3055,-55.496],[-68.235,-55.5335],[-68.2725,-55.623],[-68.145,-55.6115],[-68.1025,-55.698],[-68.0395,-55.705],[-67.9785,-55.627],[-68.0205,-55.6085],[-68.0415,-55.549],[-68.106,-55.5245],[-68.022,-55.4775],[-68.139,-55.476],[-68.119,-55.405],[-68.153,-55.387],[-68.303,-55.39],[-68.3115,-55.3515],[-68.5525,-55.339],[-68.458,-55.307],[-68.2775,-55.299],[-68.176,-55.2775],[-68.264,-55.2485],[-68.2585,-55.2205],[-68.344,-55.211],[-68.345,-55.1825],[-68.543,-55.1925],[-68.582,-55.1765],[-68.8345,-55.1545],[-68.904,-55.125],[-68.9705,-55.1165],[-68.9595,-55.079],[-69.0545,-55.0725],[-69.033,-55.0335],[-68.749,-55.1435],[-68.6175,-55.1635],[-68.5495,-55.147],[-68.528,-55.109],[-68.452,-55.111],[-68.376,-55.075],[-68.3315,-55.081],[-68.3035,-55.033],[-68.393,-54.9595],[-68.513,-54.926]]],[[[-70.1335,-54.911],[-70.182,-54.922],[-70.178,-54.955],[-70.103,-54.9445],[-70.1335,-54.911]]],[[[-67.98,-54.893],[-68.0975,-54.907],[-68.185,-54.8965],[-68.246,-54.9235],[-68.3285,-54.9205],[-68.3785,-54.9465],[-68.3515,-54.9815],[-68.176,-55.0055],[-68.1485,-55.043],[-68.1715,-55.1],[-68.1185,-55.2215],[-68.0255,-55.2375],[-67.933,-55.191],[-67.879,-55.192],[-67.866,-55.252],[-67.746,-55.2495],[-67.614,-55.278],[-67.6245,-55.238],[-67.595,-55.1965],[-67.509,-55.176],[-67.414,-55.202],[-67.4685,-55.2695],[-67.417,-55.319],[-67.3035,-55.3295],[-67.2215,-55.321],[-67.2225,-55.296],[-67.142,-55.234],[-67.086,-55.2105],[-67.044,-55.132],[-67.092,-55.0465],[-67.1405,-55.0155],[-67.1675,-54.9725],[-67.3175,-54.9255],[-67.502,-54.9335],[-67.529,-54.923],[-67.66,-54.9405],[-67.8325,-54.91],[-67.98,-54.893]]],[[[-70.4435,-54.947],[-70.3205,-54.917],[-70.379,-54.89],[-70.513,-54.9015],[-70.615,-54.9405],[-70.6035,-54.969],[-70.7185,-54.9745],[-70.777,-54.9455],[-70.8695,-54.9575],[-70.8845,-54.9355],[-71.016,-54.9605],[-70.9935,-54.9985],[-71.0305,-55.045],[-70.9785,-55.081],[-70.82,-55.071],[-70.7565,-55.054],[-70.7315,-55.076],[-70.7765,-55.105],[-70.598,-55.104],[-70.575,-55.156],[-70.5145,-55.157],[-70.488,-55.193],[-70.3825,-55.1025],[-70.341,-55.132],[-70.301,-55.0735],[-70.3165,-55.0335],[-70.4525,-55.0485],[-70.491,-55.065],[-70.527,-54.968],[-70.4435,-54.947]]],[[[-69.6705,-54.8795],[-69.7445,-54.881],[-69.942,-54.9225],[-69.9265,-55.068],[-69.687,-55.0615],[-69.6095,-55.045],[-69.4915,-55.036],[-69.2535,-54.9865],[-69.131,-54.971],[-69.221,-54.939],[-69.289,-54.9435],[-69.429,-54.9135],[-69.465,-54.92],[-69.5995,-54.883],[-69.6705,-54.8795]]],[[[-71.3,-54.8175],[-71.4375,-54.823],[-71.4645,-54.866],[-71.393,-54.9255],[-71.314,-54.9165],[-71.34,-54.883],[-71.2575,-54.878],[-71.102,-54.9515],[-71.027,-54.927],[-70.934,-54.935],[-70.9525,-54.884],[-71.0525,-54.874],[-71.14,-54.827],[-71.229,-54.8375],[-71.3,-54.8175]]],[[[-71.6035,-54.6945],[-71.6445,-54.7275],[-71.6,-54.755],[-71.528,-54.724],[-71.6035,-54.6945]]],[[[-72.0795,-54.584],[-72.0695,-54.6125],[-71.995,-54.6995],[-71.948,-54.7315],[-71.9045,-54.6855],[-71.9945,-54.623],[-72.0795,-54.584]]],[[[-72.3315,-54.393],[-72.358,-54.414],[-72.242,-54.4685],[-72.2515,-54.4105],[-72.3315,-54.393]]],[[[-72.088,-54.411],[-72.1755,-54.3715],[-72.234,-54.382],[-72.1765,-54.435],[-72.088,-54.411]]],[[[-72.2975,-54.2845],[-72.3485,-54.305],[-72.269,-54.342],[-72.2615,-54.3],[-72.2975,-54.2845]]],[[[-71.6935,-54.274],[-71.761,-54.2895],[-71.735,-54.3205],[-71.601,-54.3255],[-71.6935,-54.274]]],[[[-72.2085,-54.2135],[-72.243,-54.2765],[-72.163,-54.306],[-72.184,-54.2175],[-72.2085,-54.2135]]],[[[-72.6505,-54.1125],[-72.673,-54.1285],[-72.59,-54.1625],[-72.554,-54.1295],[-72.6505,-54.1125]]],[[[-70.314,-54.0435],[-70.4135,-54.082],[-70.508,-54.087],[-70.453,-54.126],[-70.3655,-54.1575],[-70.309,-54.148],[-70.2795,-54.083],[-70.314,-54.0435]]],[[[-73.392,-54.01],[-73.4555,-54.07],[-73.3955,-54.0945],[-73.3425,-54.0945],[-73.346,-54.136],[-73.27,-54.1495],[-73.2115,-54.136],[-73.243,-54.0455],[-73.392,-54.01]]],[[[-71.5965,-53.9355],[-71.6485,-53.9795],[-71.653,-54.0225],[-71.6045,-54.091],[-71.7045,-54.1515],[-71.6725,-54.2255],[-71.557,-54.257],[-71.498,-54.296],[-71.5145,-54.323],[-71.4535,-54.3425],[-71.3865,-54.3275],[-71.297,-54.3315],[-71.1545,-54.388],[-71.088,-54.393],[-70.9805,-54.294],[-70.9625,-54.197],[-71.001,-54.091],[-71.0765,-54.058],[-71.119,-54.093],[-71.211,-54.119],[-71.2745,-54.0545],[-71.28,-53.997],[-71.37,-53.9675],[-71.4015,-54.013],[-71.445,-53.946],[-71.5965,-53.9355]]],[[[-72.8385,-53.8905],[-72.865,-53.891],[-72.9215,-53.9475],[-72.8565,-53.9525],[-72.8035,-53.925],[-72.8385,-53.8905]]],[[[-71.9195,-53.845],[-71.9675,-53.885],[-72.04,-53.9015],[-72.068,-53.949],[-72.2535,-53.9095],[-72.289,-53.9415],[-72.224,-54.069],[-72.276,-54.0835],[-72.3405,-54.058],[-72.42,-54.1415],[-72.426,-54.172],[-72.5145,-54.179],[-72.5085,-54.203],[-72.575,-54.226],[-72.601,-54.2745],[-72.477,-54.2955],[-72.4245,-54.2645],[-72.395,-54.2965],[-72.417,-54.3455],[-72.525,-54.3495],[-72.5385,-54.3865],[-72.458,-54.414],[-72.36,-54.341],[-72.3715,-54.289],[-72.267,-54.2005],[-72.268,-54.171],[-72.222,-54.1275],[-72.123,-54.0625],[-72.1475,-54.13],[-72.1295,-54.211],[-72.066,-54.2015],[-71.977,-54.2185],[-71.9435,-54.253],[-71.9505,-54.338],[-71.839,-54.32],[-71.817,-54.274],[-71.7275,-54.248],[-71.782,-54.1845],[-71.713,-54.153],[-71.689,-54.118],[-71.6225,-54.0905],[-71.7215,-53.98],[-71.6665,-53.9625],[-71.6495,-53.9255],[-71.7905,-53.8865],[-71.8215,-53.931],[-71.8725,-53.857],[-71.9195,-53.845]]],[[[-72.091,-53.8205],[-72.151,-53.828],[-72.216,-53.8795],[-72.11,-53.917],[-72.055,-53.881],[-72.047,-53.835],[-72.091,-53.8205]]],[[[-73.2415,-53.8035],[-73.291,-53.8115],[-73.2645,-53.8575],[-73.185,-53.845],[-73.158,-53.8725],[-73.0805,-53.878],[-73.0725,-53.828],[-73.2415,-53.8035]]],[[[-73.087,-53.7115],[-73.1055,-53.784],[-73.0135,-53.7905],[-72.9415,-53.7575],[-73.0055,-53.72],[-73.087,-53.7115]]],[[[-73.198,-53.6825],[-73.2815,-53.71],[-73.2395,-53.7305],[-73.183,-53.7045],[-73.198,-53.6825]]],[[[-73.4055,-53.592],[-73.4855,-53.632],[-73.44,-53.6465],[-73.4055,-53.592]]],[[[-70.4785,-53.5655],[-70.5355,-53.568],[-70.542,-53.601],[-70.6595,-53.686],[-70.7075,-53.6915],[-70.7125,-53.776],[-70.6005,-53.825],[-70.6135,-53.8705],[-70.7835,-53.824],[-70.858,-53.836],[-70.8995,-53.876],[-70.8615,-54.08],[-70.7915,-54.0955],[-70.828,-54.125],[-70.686,-54.197],[-70.5375,-54.24],[-70.3765,-54.2655],[-70.3045,-54.2855],[-70.2415,-54.275],[-70.2145,-54.243],[-70.283,-54.1925],[-70.319,-54.1955],[-70.542,-54.127],[-70.5605,-54.0395],[-70.6705,-53.962],[-70.5785,-53.974],[-70.485,-54.0385],[-70.37,-54.048],[-70.332,-54.01],[-70.3615,-53.968],[-70.445,-53.898],[-70.4155,-53.874],[-70.4505,-53.8385],[-70.4125,-53.8015],[-70.446,-53.7835],[-70.4815,-53.669],[-70.465,-53.607],[-70.4785,-53.5655]]],[[[-72.4125,-53.5615],[-72.425,-53.593],[-72.366,-53.653],[-72.284,-53.6735],[-72.2555,-53.64],[-72.298,-53.6045],[-72.4125,-53.5615]]],[[[-73.8395,-53.4695],[-73.819,-53.518],[-73.8975,-53.556],[-73.8115,-53.575],[-73.764,-53.5695],[-73.6955,-53.5925],[-73.656,-53.5635],[-73.8395,-53.4695]]],[[[-73.5805,-53.3825],[-73.5835,-53.4355],[-73.6255,-53.453],[-73.6675,-53.503],[-73.732,-53.4535],[-73.7645,-53.4925],[-73.6715,-53.531],[-73.6235,-53.5705],[-73.5665,-53.554],[-73.492,-53.579],[-73.3555,-53.5965],[-73.327,-53.5765],[-73.4425,-53.459],[-73.3915,-53.4325],[-73.4,-53.4005],[-73.475,-53.389],[-73.52,-53.4095],[-73.5805,-53.3825]]],[[[-73.041,-53.3755],[-73.1615,-53.4005],[-73.1285,-53.485],[-73.186,-53.479],[-73.2155,-53.511],[-73.296,-53.476],[-73.4155,-53.4735],[-73.319,-53.5615],[-73.221,-53.6375],[-73.1685,-53.6345],[-73.089,-53.655],[-73.1185,-53.696],[-72.982,-53.7045],[-72.867,-53.7345],[-72.884,-53.7685],[-72.9565,-53.776],[-73.035,-53.8105],[-73.0205,-53.8515],[-73.0465,-53.8795],[-72.9445,-53.9055],[-72.897,-53.889],[-72.795,-53.887],[-72.808,-53.955],[-72.849,-53.9935],[-72.8445,-54.0325],[-72.925,-54.0705],[-73.019,-54.07],[-73.037,-54.1065],[-72.9595,-54.116],[-72.934,-54.137],[-72.7495,-54.122],[-72.655,-54.083],[-72.55,-54.1105],[-72.5285,-54.066],[-72.475,-54.0665],[-72.337,-54.0345],[-72.4175,-53.9],[-72.3365,-53.9055],[-72.3685,-53.8635],[-72.313,-53.85],[-72.225,-53.8585],[-72.1955,-53.8045],[-72.1485,-53.7945],[-72.2785,-53.709],[-72.398,-53.682],[-72.3845,-53.639],[-72.472,-53.61],[-72.4595,-53.579],[-72.577,-53.5665],[-72.6265,-53.551],[-72.6695,-53.632],[-72.71,-53.603],[-72.733,-53.525],[-72.7965,-53.4655],[-72.8515,-53.4515],[-73.041,-53.3755]]],[[[-74.1055,-53.2525],[-74.1855,-53.292],[-74.2755,-53.3215],[-74.1955,-53.3485],[-74.1015,-53.3285],[-74.0565,-53.268],[-74.1055,-53.2525]]],[[[-73.9815,-53.1365],[-74.0705,-53.1555],[-74.043,-53.199],[-73.9555,-53.1835],[-73.9815,-53.1365]]],[[[-73.8885,-53.1085],[-73.966,-53.1215],[-73.9585,-53.145],[-73.8365,-53.207],[-73.7835,-53.205],[-73.845,-53.126],[-73.8885,-53.1085]]],[[[-73.564,-52.9255],[-73.595,-52.987],[-73.483,-52.959],[-73.564,-52.9255]]],[[[-73.591,-52.837],[-73.646,-52.859],[-73.729,-52.866],[-73.799,-52.925],[-73.625,-52.913],[-73.554,-52.888],[-73.4385,-52.9155],[-73.477,-52.958],[-73.366,-52.967],[-73.388,-52.888],[-73.4565,-52.8825],[-73.585,-52.852],[-73.591,-52.837]]],[[[-70.6335,-52.8445],[-70.6905,-52.8515],[-70.785,-52.892],[-70.7275,-52.909],[-70.6335,-52.8445]]],[[[-72.4045,-52.7225],[-72.457,-52.731],[-72.5025,-52.763],[-72.44,-52.782],[-72.381,-52.7635],[-72.4045,-52.7225]]],[[[-74.6875,-52.7145],[-74.729,-52.7625],[-74.6505,-52.8675],[-74.567,-52.961],[-74.5155,-52.96],[-74.463,-53.007],[-74.421,-53.0055],[-74.3965,-53.059],[-74.332,-53.086],[-74.2895,-53.122],[-74.1895,-53.119],[-74.054,-53.1395],[-74.0005,-53.1035],[-73.8545,-53.0965],[-73.8215,-53.1405],[-73.7865,-53.1415],[-73.7605,-53.193],[-73.6845,-53.188],[-73.595,-53.24],[-73.5995,-53.3315],[-73.5505,-53.3515],[-73.3965,-53.329],[-73.3045,-53.3635],[-73.1515,-53.3815],[-73.088,-53.3555],[-73.162,-53.3305],[-73.3415,-53.2455],[-73.336,-53.2245],[-73.4775,-53.1425],[-73.532,-53.1815],[-73.5535,-53.135],[-73.6055,-53.0975],[-73.699,-53.0975],[-73.8365,-53.046],[-73.8785,-53.0185],[-74.091,-52.961],[-74.1245,-53.008],[-74.172,-52.963],[-74.2625,-52.962],[-74.397,-52.9335],[-74.3775,-52.8985],[-74.4615,-52.868],[-74.427,-52.8315],[-74.5035,-52.798],[-74.623,-52.77],[-74.6875,-52.7145]]],[[[-71.4685,-52.657],[-71.58,-52.6655],[-71.668,-52.697],[-71.7915,-52.7015],[-71.89,-52.694],[-71.9855,-52.655],[-72.0155,-52.676],[-72.1115,-52.6635],[-72.181,-52.674],[-72.2015,-52.703],[-72.2545,-52.7135],[-72.298,-52.759],[-72.362,-52.778],[-72.436,-52.8375],[-72.48,-52.826],[-72.5465,-52.8365],[-72.623,-52.7505],[-72.7025,-52.7295],[-72.7375,-52.7815],[-72.814,-52.794],[-72.9055,-52.845],[-72.999,-52.8555],[-72.92,-52.9145],[-72.963,-52.939],[-72.915,-53.003],[-72.9465,-53.017],[-72.8815,-53.069],[-72.9175,-53.0885],[-72.9195,-53.131],[-72.8585,-53.1575],[-72.803,-53.133],[-72.7185,-53.128],[-72.711,-53.1535],[-72.8095,-53.182],[-72.794,-53.225],[-72.9395,-53.174],[-73.0195,-53.17],[-73.1025,-53.184],[-73.2585,-53.194],[-73.2125,-53.244],[-73.156,-53.274],[-73.0065,-53.313],[-72.908,-53.3845],[-72.763,-53.4045],[-72.7585,-53.4355],[-72.615,-53.5],[-72.5565,-53.539],[-72.4215,-53.5385],[-72.3875,-53.525],[-72.4635,-53.464],[-72.5425,-53.378],[-72.5085,-53.3605],[-72.5365,-53.3175],[-72.482,-53.3095],[-72.424,-53.2595],[-72.553,-53.229],[-72.4625,-53.194],[-72.4315,-53.2265],[-72.361,-53.241],[-72.2855,-53.212],[-72.229,-53.209],[-72.228,-53.1685],[-72.307,-53.1495],[-72.3375,-53.108],[-72.4565,-53.065],[-72.3935,-53.0505],[-72.299,-53.085],[-72.2175,-53.0715],[-72.1305,-53.1455],[-72.024,-53.1325],[-71.9815,-53.1015],[-71.9625,-53.0585],[-71.909,-53.0035],[-71.7195,-52.943],[-71.6175,-52.893],[-71.5805,-52.89],[-71.4875,-52.837],[-71.4095,-52.834],[-71.396,-52.812],[-71.4215,-52.7485],[-71.395,-52.736],[-71.4685,-52.657]]],[[[-70.705,-54.3525],[-70.7335,-54.334],[-70.856,-54.33],[-70.9355,-54.3695],[-70.9135,-54.4165],[-70.997,-54.4555],[-71.1325,-54.4185],[-71.1855,-54.4335],[-71.321,-54.377],[-71.424,-54.4005],[-71.39,-54.447],[-71.553,-54.429],[-71.5845,-54.4575],[-71.526,-54.4795],[-71.532,-54.5145],[-71.664,-54.4595],[-71.725,-54.397],[-71.832,-54.406],[-71.865,-54.4415],[-71.736,-54.472],[-71.754,-54.489],[-71.698,-54.5355],[-71.8165,-54.5365],[-71.8435,-54.466],[-71.903,-54.444],[-71.9885,-54.451],[-71.9655,-54.4845],[-72.013,-54.5025],[-71.945,-54.591],[-71.9495,-54.625],[-71.8065,-54.642],[-71.6845,-54.607],[-71.594,-54.647],[-71.535,-54.6335],[-71.465,-54.6565],[-71.401,-54.654],[-71.39,-54.5995],[-71.2805,-54.586],[-71.2425,-54.621],[-71.301,-54.643],[-71.268,-54.6795],[-71.1625,-54.7005],[-71.0935,-54.65],[-70.9755,-54.6345],[-71.018,-54.6865],[-70.9735,-54.747],[-70.8595,-54.761],[-70.811,-54.7955],[-70.8365,-54.8345],[-70.631,-54.898],[-70.564,-54.904],[-70.5155,-54.887],[-70.321,-54.8605],[-70.168,-54.874],[-70.1265,-54.843],[-70.053,-54.8685],[-69.92,-54.843],[-69.79,-54.841],[-69.7725,-54.8275],[-69.558,-54.861],[-69.4965,-54.8865],[-69.4295,-54.8885],[-69.293,-54.921],[-69.1875,-54.9285],[-69.0815,-54.9635],[-68.842,-54.9535],[-68.706,-54.913],[-68.7465,-54.881],[-68.8205,-54.8595],[-68.813,-54.838],[-68.7055,-54.8575],[-68.6595,-54.896],[-68.5965,-54.873],[-68.608,-54.5085],[-68.6075,-54.1535],[-68.6065,-53.7705],[-68.6065,-53.104],[-68.6065,-52.659],[-68.707,-52.596],[-68.7435,-52.5535],[-68.7875,-52.5815],[-68.955,-52.647],[-69.1255,-52.6995],[-69.198,-52.6755],[-69.3795,-52.4725],[-69.4305,-52.453],[-69.584,-52.525],[-69.6105,-52.5795],[-69.5915,-52.648],[-69.747,-52.7765],[-69.8415,-52.7885],[-69.92,-52.845],[-70,-52.8395],[-70.048,-52.814],[-70.1285,-52.7335],[-70.331,-52.744],[-70.324,-52.7815],[-70.28,-52.8045],[-70.2345,-52.8815],[-70.1085,-52.8925],[-70.0895,-52.9275],[-70.138,-53.014],[-70.254,-53.063],[-70.3115,-53.0355],[-70.3415,-52.996],[-70.4175,-53.0125],[-70.442,-53.112],[-70.4305,-53.159],[-70.4515,-53.1905],[-70.4665,-53.28],[-70.448,-53.3745],[-70.3365,-53.394],[-70.2645,-53.462],[-70.214,-53.4775],[-70.1135,-53.4565],[-69.968,-53.3995],[-69.886,-53.3795],[-69.74,-53.373],[-69.574,-53.3465],[-69.504,-53.3615],[-69.371,-53.3575],[-69.339,-53.3865],[-69.308,-53.4785],[-69.3575,-53.5235],[-69.5335,-53.583],[-69.671,-53.6455],[-69.7805,-53.6665],[-69.9,-53.66],[-69.9595,-53.7105],[-70.117,-53.7445],[-70.1705,-53.7735],[-70.1745,-53.8345],[-70.1415,-53.887],[-70.137,-53.9375],[-70.0585,-54.0245],[-70.0245,-54.1055],[-69.77,-54.198],[-69.5345,-54.249],[-69.4965,-54.268],[-69.319,-54.317],[-69.0165,-54.426],[-68.971,-54.47],[-69.11,-54.4545],[-69.197,-54.5265],[-69.2875,-54.565],[-69.3285,-54.628],[-69.3655,-54.61],[-69.349,-54.57],[-69.296,-54.5465],[-69.2445,-54.4955],[-69.2345,-54.445],[-69.4,-54.3905],[-69.4555,-54.346],[-69.543,-54.337],[-69.55,-54.399],[-69.6015,-54.4605],[-69.637,-54.394],[-69.626,-54.3535],[-69.739,-54.3095],[-69.8445,-54.2905],[-69.836,-54.34],[-69.794,-54.4105],[-69.7145,-54.497],[-69.8695,-54.4755],[-69.8245,-54.4505],[-69.878,-54.4225],[-69.88,-54.3955],[-69.9525,-54.343],[-70.003,-54.2635],[-70.067,-54.252],[-70.1805,-54.3085],[-70.2025,-54.3385],[-70.1465,-54.369],[-70.1565,-54.4135],[-70.3295,-54.323],[-70.5055,-54.2805],[-70.6005,-54.246],[-70.7115,-54.1895],[-70.764,-54.1795],[-70.8295,-54.1415],[-70.914,-54.1705],[-70.885,-54.2345],[-70.8265,-54.2725],[-70.584,-54.2885],[-70.5205,-54.3055],[-70.4915,-54.355],[-70.5145,-54.3795],[-70.407,-54.452],[-70.308,-54.4845],[-70.1855,-54.512],[-70.216,-54.5285],[-70.2855,-54.5015],[-70.416,-54.4885],[-70.5575,-54.4015],[-70.644,-54.4465],[-70.649,-54.404],[-70.575,-54.355],[-70.663,-54.338],[-70.705,-54.3525]]],[[[-73.733,-52.4235],[-73.828,-52.4415],[-73.8615,-52.517],[-73.92,-52.493],[-74,-52.5415],[-73.9945,-52.5725],[-74.037,-52.595],[-74.03,-52.643],[-73.999,-52.6515],[-73.9065,-52.5885],[-73.8925,-52.612],[-73.966,-52.666],[-73.9055,-52.753],[-73.796,-52.722],[-73.7175,-52.6455],[-73.7035,-52.5815],[-73.725,-52.5595],[-73.6735,-52.5075],[-73.681,-52.4465],[-73.733,-52.4235]]],[[[-73.883,-52.405],[-73.963,-52.46],[-73.907,-52.4815],[-73.8505,-52.4555],[-73.883,-52.405]]],[[[-74.6345,-52.3395],[-74.701,-52.37],[-74.6615,-52.397],[-74.579,-52.369],[-74.6345,-52.3395]]],[[[-74.5715,-52.234],[-74.613,-52.297],[-74.5445,-52.3025],[-74.5385,-52.256],[-74.5715,-52.234]]],[[[-74.167,-52.2275],[-74.2095,-52.2605],[-74.162,-52.308],[-74.172,-52.405],[-74.032,-52.404],[-73.948,-52.3635],[-74.0615,-52.2985],[-74.167,-52.2275]]],[[[-73.7455,-52.209],[-73.7615,-52.2535],[-73.681,-52.249],[-73.7455,-52.209]]],[[[-74.84,-52.1975],[-74.9035,-52.2315],[-74.8095,-52.278],[-74.7385,-52.333],[-74.6665,-52.333],[-74.6175,-52.3115],[-74.61,-52.2095],[-74.6845,-52.2465],[-74.748,-52.2605],[-74.84,-52.1975]]],[[[-74.4035,-52.1505],[-74.471,-52.198],[-74.357,-52.195],[-74.4035,-52.1505]]],[[[-74.276,-52.0935],[-74.4015,-52.147],[-74.3595,-52.176],[-74.2125,-52.1965],[-74.099,-52.256],[-74.0625,-52.289],[-74.0015,-52.271],[-74.0525,-52.217],[-74.1835,-52.1295],[-74.276,-52.0935]]],[[[-74.576,-52.0855],[-74.648,-52.108],[-74.711,-52.1445],[-74.795,-52.173],[-74.7535,-52.2135],[-74.71,-52.2175],[-74.63,-52.192],[-74.595,-52.141],[-74.551,-52.11],[-74.576,-52.0855]]],[[[-74.209,-52.082],[-74.202,-52.1145],[-74.0815,-52.176],[-74.079,-52.191],[-73.974,-52.274],[-73.8385,-52.3305],[-73.824,-52.3565],[-73.8765,-52.3905],[-73.8175,-52.416],[-73.75,-52.406],[-73.738,-52.332],[-73.7485,-52.28],[-73.791,-52.2485],[-73.936,-52.1805],[-73.992,-52.1685],[-74.01,-52.1355],[-74.0705,-52.1035],[-74.209,-52.082]]],[[[-74.025,-52.0655],[-73.969,-52.127],[-73.925,-52.1015],[-74.025,-52.0655]]],[[[-74.495,-51.9425],[-74.526,-51.9455],[-74.6465,-52.005],[-74.6895,-52.043],[-74.6965,-52.1185],[-74.4925,-52.03],[-74.458,-51.9945],[-74.495,-51.9425]]],[[[-74.071,-51.902],[-74.0815,-51.9145],[-74.098,-51.9255],[-74.066,-52.0385],[-73.88,-52.104],[-73.8355,-52.1415],[-73.754,-52.174],[-73.67,-52.2215],[-73.662,-52.177],[-73.7355,-52.091],[-73.859,-51.9915],[-74.045,-51.902],[-74.071,-51.902]]],[[[-73.788,-51.8935],[-73.8465,-51.9465],[-73.846,-51.9705],[-73.746,-52.025],[-73.7035,-51.973],[-73.788,-51.8935]]],[[[-72.895,-51.873],[-72.9145,-51.8995],[-72.987,-51.9015],[-73.086,-51.9515],[-73.129,-52.0415],[-73.1105,-52.087],[-73.0005,-52.052],[-72.895,-51.873]]],[[[-74.724,-51.8335],[-74.7645,-51.873],[-74.821,-52.0045],[-74.8215,-52.065],[-74.8745,-52.117],[-74.851,-52.166],[-74.7385,-52.1185],[-74.686,-52.026],[-74.6345,-51.991],[-74.6585,-51.9415],[-74.5965,-51.8895],[-74.5975,-51.852],[-74.6825,-51.8765],[-74.724,-51.8335]]],[[[-73.759,-51.8255],[-73.7995,-51.847],[-73.742,-51.9255],[-73.6985,-51.9025],[-73.721,-51.855],[-73.759,-51.8255]]],[[[-74.544,-51.825],[-74.593,-51.9095],[-74.536,-51.9075],[-74.544,-51.825]]],[[[-74.932,-51.8075],[-74.9595,-51.8385],[-75.0095,-51.9535],[-75.04,-51.989],[-75.0545,-52.0465],[-74.966,-52.1275],[-74.9155,-52.122],[-74.8705,-52.0915],[-74.8655,-52.0325],[-74.833,-52.016],[-74.78,-51.878],[-74.8685,-51.8725],[-74.926,-51.839],[-74.932,-51.8075]]],[[[-74.6585,-51.7655],[-74.7305,-51.8095],[-74.641,-51.8525],[-74.604,-51.8235],[-74.6585,-51.7655]]],[[[-74.1585,-51.7615],[-74.1545,-51.778],[-74.057,-51.851],[-74.016,-51.8255],[-74.1585,-51.7615]]],[[[-74.983,-51.719],[-75.0365,-51.731],[-75.077,-51.7655],[-75.075,-51.8375],[-75.0895,-51.9185],[-74.9985,-51.896],[-74.9495,-51.7815],[-74.983,-51.719]]],[[[-74.5065,-51.707],[-74.442,-51.767],[-74.4145,-51.846],[-74.3565,-51.9],[-74.2505,-51.928],[-74.208,-51.956],[-74.102,-51.9835],[-74.099,-51.9215],[-74.08,-51.9075],[-74.0855,-51.9025],[-74.07,-51.9015],[-74.0535,-51.892],[-74.141,-51.8745],[-74.193,-51.828],[-74.301,-51.8065],[-74.3135,-51.7675],[-74.4425,-51.7215],[-74.5065,-51.707]]],[[[-74.664,-51.697],[-74.7295,-51.7195],[-74.6785,-51.7465],[-74.664,-51.697]]],[[[-73.941,-51.649],[-73.9255,-51.7085],[-73.8795,-51.7385],[-73.8265,-51.812],[-73.7765,-51.805],[-73.7475,-51.7655],[-73.8435,-51.681],[-73.941,-51.649]]],[[[-74.8555,-51.6255],[-74.9325,-51.6575],[-74.8415,-51.755],[-74.879,-51.792],[-74.8525,-51.8495],[-74.7915,-51.8635],[-74.751,-51.828],[-74.745,-51.7635],[-74.7645,-51.737],[-74.764,-51.661],[-74.8555,-51.6255]]],[[[-74.053,-51.53],[-74.119,-51.5495],[-74.1015,-51.5935],[-74.15,-51.614],[-74.1275,-51.6645],[-74.238,-51.6985],[-74.1945,-51.7455],[-74.109,-51.7675],[-74.024,-51.803],[-73.981,-51.7975],[-73.9455,-51.8395],[-73.9365,-51.8935],[-73.843,-51.9095],[-73.788,-51.884],[-73.802,-51.8575],[-73.9105,-51.788],[-73.92,-51.743],[-73.9555,-51.7165],[-74.006,-51.723],[-73.989,-51.6605],[-74.012,-51.6385],[-74.053,-51.53]]],[[[-74.91,-51.466],[-74.992,-51.4975],[-74.967,-51.544],[-74.898,-51.5535],[-74.91,-51.466]]],[[[-74.679,-51.3315],[-74.7045,-51.355],[-74.756,-51.447],[-74.6845,-51.4365],[-74.6595,-51.3495],[-74.679,-51.3315]]],[[[-74.214,-51.288],[-74.261,-51.3135],[-74.238,-51.3995],[-74.1845,-51.4305],[-74.0825,-51.414],[-74.129,-51.3615],[-74.1325,-51.3195],[-74.214,-51.288]]],[[[-75.121,-51.248],[-75.117,-51.259],[-75.2225,-51.3335],[-75.1595,-51.3765],[-75.2215,-51.405],[-75.196,-51.486],[-75.2995,-51.524],[-75.349,-51.587],[-75.296,-51.624],[-75.197,-51.623],[-75.131,-51.5155],[-75.1435,-51.4445],[-75.0985,-51.4515],[-75.0725,-51.419],[-75.0135,-51.408],[-74.9765,-51.362],[-75.121,-51.248]]],[[[-73.8005,-51.2465],[-73.8985,-51.2925],[-73.8605,-51.3625],[-73.729,-51.3605],[-73.7255,-51.304],[-73.8005,-51.2465]]],[[[-74.9325,-51.2275],[-75.0565,-51.2655],[-75.048,-51.303],[-74.995,-51.3205],[-74.877,-51.2395],[-74.9325,-51.2275]]],[[[-74.051,-51.22],[-74.0935,-51.2315],[-74.105,-51.303],[-74.0625,-51.3725],[-74.0075,-51.3785],[-73.924,-51.334],[-73.9545,-51.231],[-74.051,-51.22]]],[[[-74.6145,-51.1885],[-74.655,-51.203],[-74.7195,-51.1895],[-74.828,-51.231],[-74.85,-51.281],[-74.9305,-51.292],[-74.981,-51.345],[-74.9335,-51.3615],[-74.9295,-51.404],[-75.032,-51.43],[-75.0305,-51.479],[-74.9685,-51.4785],[-74.9075,-51.453],[-74.7995,-51.4445],[-74.7395,-51.4075],[-74.688,-51.3245],[-74.6485,-51.346],[-74.598,-51.403],[-74.5445,-51.387],[-74.521,-51.3565],[-74.5315,-51.3145],[-74.4985,-51.281],[-74.5645,-51.2065],[-74.6145,-51.1885]]],[[[-74.841,-51.165],[-74.9745,-51.182],[-75.0225,-51.2175],[-74.879,-51.2195],[-74.8465,-51.2445],[-74.801,-51.1865],[-74.841,-51.165]]],[[[-74.9245,-51.0905],[-74.989,-51.1125],[-75.0155,-51.185],[-74.8515,-51.1595],[-74.8155,-51.1235],[-74.8475,-51.0975],[-74.9245,-51.0905]]],[[[-74.61,-51.0885],[-74.7175,-51.1855],[-74.6595,-51.2015],[-74.637,-51.1635],[-74.565,-51.1635],[-74.61,-51.0885]]],[[[-74.454,-51.0155],[-74.589,-51.0645],[-74.5645,-51.1535],[-74.4395,-51.2075],[-74.3875,-51.203],[-74.357,-51.146],[-74.3755,-51.108],[-74.427,-51.108],[-74.462,-51.0755],[-74.425,-51.0565],[-74.454,-51.0155]]],[[[-74.8595,-50.984],[-74.905,-50.986],[-74.951,-51.0225],[-74.8815,-51.037],[-74.8595,-50.984]]],[[[-74.3085,-50.9075],[-74.3425,-50.9125],[-74.263,-51.231],[-74.167,-51.205],[-74.2025,-51.102],[-74.284,-50.9385],[-74.3085,-50.9075]]],[[[-74.636,-50.7095],[-74.6835,-50.7435],[-74.63,-50.7625],[-74.6005,-50.813],[-74.638,-50.8955],[-74.664,-50.908],[-74.7805,-50.909],[-74.871,-50.8765],[-74.935,-50.8825],[-74.952,-50.988],[-74.831,-50.978],[-74.89,-51.057],[-74.79,-51.073],[-74.765,-51.011],[-74.7245,-50.998],[-74.6395,-51.012],[-74.6435,-51.0315],[-74.7475,-51.0345],[-74.7375,-51.1005],[-74.689,-51.119],[-74.641,-51.101],[-74.553,-51.037],[-74.4495,-51],[-74.4095,-51.0685],[-74.357,-51.0015],[-74.3905,-50.903],[-74.375,-50.859],[-74.443,-50.816],[-74.4265,-50.7735],[-74.58,-50.739],[-74.636,-50.7095]]],[[[-74.8245,-50.6545],[-74.8925,-50.6685],[-74.941,-50.723],[-74.9485,-50.7885],[-74.89,-50.7955],[-74.871,-50.867],[-74.783,-50.8915],[-74.686,-50.9035],[-74.6365,-50.816],[-74.73,-50.767],[-74.716,-50.697],[-74.8245,-50.6545]]],[[[-74.9705,-50.643],[-75.046,-50.6525],[-75.0545,-50.698],[-75.0955,-50.717],[-75.052,-50.7595],[-75.054,-50.786],[-74.978,-50.8185],[-74.9705,-50.643]]],[[[-74.6165,-50.5085],[-74.6875,-50.5215],[-74.6575,-50.6085],[-74.5945,-50.5715],[-74.58,-50.5325],[-74.6165,-50.5085]]],[[[-75.4,-50.463],[-75.4745,-50.5015],[-75.366,-50.5845],[-75.4405,-50.5965],[-75.4495,-50.6295],[-75.509,-50.6685],[-75.4185,-50.7285],[-75.428,-50.7635],[-75.315,-50.809],[-75.253,-50.78],[-75.2605,-50.6575],[-75.1675,-50.5905],[-75.2065,-50.569],[-75.113,-50.5455],[-75.064,-50.5055],[-75.1335,-50.4945],[-75.2365,-50.5005],[-75.4,-50.463]]],[[[-74.234,-50.8485],[-74.1445,-50.8455],[-74.1525,-50.774],[-74.196,-50.732],[-74.2125,-50.6715],[-74.297,-50.606],[-74.34,-50.54],[-74.36,-50.458],[-74.4105,-50.473],[-74.48,-50.465],[-74.521,-50.4175],[-74.543,-50.413],[-74.5745,-50.428],[-74.6065,-50.4375],[-74.6205,-50.451],[-74.687,-50.487],[-74.606,-50.485],[-74.5725,-50.513],[-74.495,-50.5],[-74.4375,-50.5535],[-74.4925,-50.575],[-74.5555,-50.6295],[-74.5485,-50.696],[-74.509,-50.7315],[-74.423,-50.762],[-74.3675,-50.7975],[-74.3465,-50.8415],[-74.2325,-50.7785],[-74.2055,-50.8115],[-74.234,-50.8485]]],[[[-75.0375,-50.4085],[-75.069,-50.409],[-75.0915,-50.4485],[-75.075,-50.4755],[-75.017,-50.4635],[-75.0375,-50.4085]]],[[[-74.691,-50.35],[-74.7845,-50.412],[-74.783,-50.49],[-74.7505,-50.516],[-74.6555,-50.462],[-74.5905,-50.429],[-74.5395,-50.405],[-74.5845,-50.3635],[-74.691,-50.35]]],[[[-74.6445,-50.2775],[-74.704,-50.2785],[-74.7485,-50.312],[-74.652,-50.319],[-74.6445,-50.2775]]],[[[-74.946,-50.268],[-75.073,-50.348],[-75.0925,-50.382],[-75.0625,-50.4085],[-75.023,-50.3995],[-74.9905,-50.41],[-74.9135,-50.3555],[-74.8825,-50.311],[-74.946,-50.268]]],[[[-74.916,-50.229],[-74.9005,-50.276],[-74.8325,-50.2525],[-74.916,-50.229]]],[[[-74.705,-50.0685],[-74.752,-50.0875],[-74.722,-50.1275],[-74.6665,-50.0895],[-74.705,-50.0685]]],[[[-75.297,-49.993],[-75.3995,-50.0165],[-75.407,-50.07],[-75.3345,-50.099],[-75.339,-50.125],[-75.1485,-50.185],[-75.162,-50.2325],[-75.201,-50.2635],[-75.274,-50.2215],[-75.25,-50.1875],[-75.319,-50.153],[-75.39,-50.1515],[-75.4405,-50.2275],[-75.4005,-50.2635],[-75.457,-50.278],[-75.4695,-50.3655],[-75.411,-50.3465],[-75.276,-50.3525],[-75.3305,-50.4405],[-75.268,-50.456],[-75.203,-50.4485],[-75.155,-50.4765],[-75.109,-50.443],[-75.104,-50.3955],[-75.1535,-50.392],[-75.0725,-50.3305],[-74.9365,-50.2565],[-74.9405,-50.2145],[-74.836,-50.2415],[-74.7845,-50.186],[-74.779,-50.1435],[-74.8225,-50.111],[-74.868,-50.1045],[-74.9135,-50.1355],[-74.942,-50.078],[-75.0585,-50.0985],[-75.115,-50.0325],[-75.2125,-50.0145],[-75.2675,-50.0305],[-75.297,-49.993]]],[[[-75.5395,-49.701],[-75.6305,-49.767],[-75.6195,-49.837],[-75.574,-49.839],[-75.506,-49.7855],[-75.374,-49.7405],[-75.356,-49.7735],[-75.37,-49.8275],[-75.3275,-49.867],[-75.2505,-49.884],[-75.2185,-49.8655],[-75.1675,-49.8825],[-75.1565,-49.8385],[-75.202,-49.7855],[-75.312,-49.6115],[-75.3445,-49.5835],[-75.5345,-49.589],[-75.5865,-49.64],[-75.5395,-49.701]]],[[[-75.5225,-49.432],[-75.5155,-49.4785],[-75.456,-49.5045],[-75.433,-49.459],[-75.5225,-49.432]]],[[[-74.382,-49.414],[-74.4215,-49.4535],[-74.436,-49.5145],[-74.404,-49.5365],[-74.417,-49.612],[-74.297,-49.5975],[-74.233,-49.549],[-74.262,-49.529],[-74.3105,-49.4565],[-74.382,-49.414]]],[[[-75.198,-49.159],[-75.205,-49.211],[-75.162,-49.239],[-75.066,-49.2445],[-75.0775,-49.21],[-75.134,-49.173],[-75.198,-49.159]]],[[[-75.045,-49.001],[-75.0755,-48.9815],[-75.126,-49.043],[-75.1785,-49.0805],[-75.2015,-49.1235],[-75.1655,-49.1495],[-75.0495,-49.156],[-75.007,-49.174],[-74.9545,-49.2405],[-74.921,-49.253],[-74.868,-49.286],[-74.852,-49.18],[-74.8225,-49.0975],[-74.849,-49.047],[-74.9225,-49.003],[-74.9435,-49.0295],[-74.952,-49.0375],[-74.9755,-49.0335],[-75.045,-49.001]]],[[[-75.621,-48.974],[-75.599,-49.0465],[-75.4845,-49.0705],[-75.456,-49.038],[-75.5155,-49.0005],[-75.621,-48.974]]],[[[-74.9925,-48.9645],[-75.07,-48.976],[-75.0395,-48.9955],[-75.018,-49.002],[-74.9505,-49.035],[-74.9605,-49.009],[-74.9575,-48.9955],[-74.9925,-48.9645]]],[[[-75.585,-49.15],[-75.625,-49.1825],[-75.579,-49.2135],[-75.4665,-49.245],[-75.4075,-49.154],[-75.363,-49.173],[-75.33,-49.13],[-75.2785,-49.117],[-75.237,-49.073],[-75.2745,-49.0205],[-75.2805,-48.934],[-75.3215,-48.946],[-75.42,-49.031],[-75.406,-49.0415],[-75.504,-49.0985],[-75.5525,-49.097],[-75.585,-49.15]]],[[[-75.2285,-48.768],[-75.254,-48.7955],[-75.2195,-48.8375],[-75.357,-48.797],[-75.4615,-48.8065],[-75.4955,-48.781],[-75.552,-48.8025],[-75.627,-48.8895],[-75.598,-48.9385],[-75.527,-48.9615],[-75.4485,-49.0375],[-75.368,-48.963],[-75.2795,-48.9235],[-75.25,-49.048],[-75.1895,-49.049],[-75.0745,-48.945],[-75.018,-48.941],[-75.044,-48.9035],[-75.014,-48.872],[-75.056,-48.8305],[-75.1455,-48.79],[-75.2285,-48.768]]],[[[-73.9765,-48.716],[-74.0255,-48.739],[-74.0905,-48.711],[-74.1535,-48.7015],[-74.2485,-48.7325],[-74.324,-48.7045],[-74.326,-48.745],[-74.405,-48.8045],[-74.405,-48.8755],[-74.356,-48.978],[-74.412,-48.98],[-74.418,-49.0625],[-74.343,-49.064],[-74.3585,-49.1185],[-74.3475,-49.1575],[-74.367,-49.194],[-74.3445,-49.3225],[-74.3745,-49.347],[-74.3845,-49.3965],[-74.3085,-49.4285],[-74.217,-49.5265],[-74.1545,-49.52],[-74.1445,-49.41],[-74.105,-49.355],[-74.0895,-49.238],[-74.027,-49.214],[-74.0085,-49.2595],[-74.0475,-49.286],[-74.049,-49.3445],[-74.073,-49.4095],[-74.055,-49.4445],[-74.0735,-49.505],[-73.9795,-49.5255],[-73.886,-49.5235],[-73.8505,-49.5475],[-73.835,-49.61],[-73.9365,-49.556],[-73.9825,-49.563],[-74.0735,-49.5395],[-74.115,-49.572],[-74.21,-49.58],[-74.2355,-49.6115],[-74.3075,-49.646],[-74.29,-49.7165],[-74.3025,-49.7485],[-74.184,-49.7265],[-74.1875,-49.751],[-74.266,-49.8005],[-74.3315,-49.8005],[-74.316,-49.888],[-74.2105,-49.9165],[-74.1405,-49.912],[-74.0955,-49.9685],[-74.1575,-49.968],[-74.2135,-49.942],[-74.344,-49.9465],[-74.3575,-49.996],[-74.271,-50.0765],[-74.1975,-50.1215],[-74.207,-50.1575],[-74.359,-50.0745],[-74.365,-50.0525],[-74.433,-50.0155],[-74.557,-50.0625],[-74.5725,-50.1035],[-74.681,-50.1605],[-74.7055,-50.203],[-74.6185,-50.221],[-74.522,-50.2805],[-74.549,-50.295],[-74.459,-50.359],[-74.353,-50.397],[-74.2935,-50.4335],[-74.227,-50.45],[-74.1545,-50.427],[-74.0605,-50.4875],[-74.166,-50.482],[-74.182,-50.467],[-74.2745,-50.479],[-74.277,-50.513],[-74.243,-50.5515],[-74.209,-50.63],[-74.1695,-50.6755],[-74.153,-50.733],[-74.063,-50.69],[-74.0455,-50.7245],[-74.1265,-50.7665],[-74.029,-50.8425],[-73.9505,-50.846],[-73.9,-50.8035],[-73.822,-50.7745],[-73.8305,-50.6775],[-73.791,-50.627],[-73.7565,-50.5075],[-73.7105,-50.489],[-73.679,-50.494],[-73.6095,-50.4295],[-73.569,-50.4315],[-73.627,-50.502],[-73.693,-50.4935],[-73.745,-50.532],[-73.6565,-50.615],[-73.5605,-50.6245],[-73.5965,-50.6555],[-73.6485,-50.6345],[-73.6955,-50.657],[-73.762,-50.656],[-73.8015,-50.69],[-73.7725,-50.746],[-73.7875,-50.7945],[-73.8355,-50.799],[-73.8775,-50.845],[-73.7935,-50.894],[-73.849,-50.9365],[-73.8645,-50.8755],[-73.9365,-50.888],[-74.047,-50.8865],[-74.0995,-50.8695],[-74.2045,-50.8955],[-74.244,-50.9465],[-74.215,-51.042],[-74.1385,-51.069],[-74.1145,-51.1155],[-74.125,-51.1825],[-74.08,-51.2045],[-74.002,-51.206],[-73.998,-51.144],[-73.957,-51.1525],[-73.898,-51.258],[-73.774,-51.213],[-73.768,-51.245],[-73.681,-51.304],[-73.7145,-51.317],[-73.6765,-51.433],[-73.637,-51.4535],[-73.656,-51.5715],[-73.703,-51.4795],[-73.775,-51.443],[-73.805,-51.3965],[-73.913,-51.382],[-73.9595,-51.415],[-73.9285,-51.469],[-73.979,-51.4875],[-73.869,-51.5485],[-73.884,-51.5855],[-73.828,-51.626],[-73.814,-51.7055],[-73.7605,-51.714],[-73.707,-51.794],[-73.686,-51.7865],[-73.641,-51.6975],[-73.5605,-51.731],[-73.5865,-51.809],[-73.645,-51.8215],[-73.5655,-52.018],[-73.523,-52.0645],[-73.442,-52.077],[-73.38,-52.133],[-73.27,-52.1615],[-73.261,-52.0975],[-73.162,-52.1045],[-73.145,-52.074],[-73.1605,-52.025],[-73.124,-51.9375],[-73.017,-51.908],[-72.9205,-51.8545],[-73,-51.7845],[-72.9225,-51.7415],[-72.818,-51.76],[-72.747,-51.8065],[-72.642,-51.8295],[-72.5415,-51.766],[-72.531,-51.7175],[-72.5845,-51.7005],[-72.6885,-51.696],[-72.7615,-51.5975],[-72.9295,-51.5635],[-72.9995,-51.5105],[-73.0335,-51.53],[-73.075,-51.489],[-73.154,-51.4905],[-73.1775,-51.4665],[-73.1195,-51.4435],[-73.0305,-51.4975],[-72.9425,-51.5045],[-72.9065,-51.5445],[-72.7365,-51.565],[-72.689,-51.5905],[-72.67,-51.6395],[-72.516,-51.7025],[-72.485,-51.765],[-72.5135,-51.8375],[-72.4595,-51.8815],[-72.463,-51.921],[-72.5335,-51.9485],[-72.662,-51.954],[-72.661,-52.039],[-72.6385,-52.082],[-72.566,-52.1345],[-72.5225,-52.187],[-72.4735,-52.217],[-72.515,-52.2675],[-72.5165,-52.3485],[-72.585,-52.402],[-72.67,-52.4125],[-72.733,-52.4345],[-72.754,-52.406],[-72.7095,-52.349],[-72.6355,-52.384],[-72.5875,-52.331],[-72.599,-52.287],[-72.544,-52.214],[-72.6255,-52.1135],[-72.67,-52.1305],[-72.733,-52.06],[-72.7225,-52.0175],[-72.762,-51.9535],[-72.807,-51.939],[-72.8985,-51.9795],[-72.9,-52.0525],[-72.955,-52.0785],[-72.9715,-52.109],[-72.9615,-52.18],[-72.875,-52.189],[-72.8755,-52.1405],[-72.837,-52.086],[-72.7685,-52.0815],[-72.847,-52.1495],[-72.848,-52.182],[-72.8865,-52.2665],[-72.936,-52.2385],[-72.948,-52.2045],[-73.024,-52.1505],[-73.026,-52.064],[-73.1375,-52.1105],[-73.2325,-52.114],[-73.232,-52.1765],[-73.363,-52.2215],[-73.408,-52.163],[-73.471,-52.1665],[-73.5365,-52.1905],[-73.6225,-52.107],[-73.658,-52.0475],[-73.734,-52.0455],[-73.6485,-52.122],[-73.5975,-52.2135],[-73.594,-52.3175],[-73.57,-52.4045],[-73.633,-52.39],[-73.65,-52.43],[-73.6095,-52.4625],[-73.5335,-52.4665],[-73.569,-52.5225],[-73.576,-52.572],[-73.625,-52.5875],[-73.668,-52.6345],[-73.58,-52.664],[-73.717,-52.739],[-73.6175,-52.766],[-73.577,-52.7545],[-73.555,-52.71],[-73.5075,-52.6865],[-73.4535,-52.6895],[-73.377,-52.7305],[-73.3365,-52.677],[-73.2345,-52.788],[-73.32,-52.8255],[-73.3895,-52.7945],[-73.4215,-52.8195],[-73.4935,-52.7935],[-73.5725,-52.8155],[-73.35,-52.891],[-73.2675,-52.94],[-73.386,-53.0015],[-73.4485,-53.0215],[-73.374,-53.0705],[-73.19,-53.1115],[-73.1675,-53.092],[-73.09,-53.104],[-73.0255,-53.073],[-72.9895,-53.0765],[-72.9695,-53.0215],[-72.94,-53.003],[-72.975,-52.9435],[-72.944,-52.905],[-73.026,-52.861],[-72.921,-52.8145],[-72.871,-52.817],[-72.683,-52.693],[-72.7565,-52.623],[-72.8625,-52.6065],[-72.8355,-52.54],[-72.7795,-52.575],[-72.6515,-52.5555],[-72.568,-52.587],[-72.3945,-52.513],[-72.381,-52.557],[-72.4635,-52.5505],[-72.5305,-52.594],[-72.511,-52.626],[-72.4315,-52.6755],[-72.344,-52.5675],[-72.3465,-52.541],[-72.279,-52.5285],[-72.239,-52.5515],[-72.158,-52.521],[-72.087,-52.5345],[-72.039,-52.562],[-71.954,-52.548],[-71.8615,-52.5485],[-71.7655,-52.5685],[-71.692,-52.561],[-71.6375,-52.5775],[-71.5595,-52.5625],[-71.46,-52.6635],[-71.3835,-52.72],[-71.398,-52.7525],[-71.3575,-52.808],[-71.247,-52.794],[-71.17,-52.81],[-71.116,-52.886],[-71.119,-52.9125],[-71.2445,-52.9885],[-71.261,-53.0325],[-71.34,-53.0945],[-71.3575,-53.123],[-71.417,-53.143],[-71.504,-53.1415],[-71.544,-53.17],[-71.5995,-53.172],[-71.629,-53.207],[-71.6745,-53.199],[-71.731,-53.2315],[-71.76,-53.269],[-71.7765,-53.3385],[-71.7495,-53.3715],[-71.7685,-53.416],[-71.748,-53.447],[-71.804,-53.516],[-71.9005,-53.533],[-71.9715,-53.5655],[-72.005,-53.525],[-71.809,-53.462],[-71.7735,-53.43],[-71.828,-53.363],[-71.825,-53.2745],[-71.855,-53.2335],[-71.9775,-53.2255],[-72.021,-53.2335],[-72.0445,-53.285],[-72.018,-53.3785],[-72.0955,-53.3595],[-72.1175,-53.2545],[-72.174,-53.264],[-72.2875,-53.2505],[-72.344,-53.2725],[-72.4465,-53.3465],[-72.4195,-53.3665],[-72.478,-53.397],[-72.3985,-53.504],[-72.345,-53.5345],[-72.148,-53.6675],[-72.0265,-53.706],[-71.9275,-53.7025],[-71.8525,-53.748],[-71.7615,-53.765],[-71.6665,-53.8075],[-71.5705,-53.814],[-71.2935,-53.896],[-71.1185,-53.849],[-71.0375,-53.803],[-71.0035,-53.8025],[-70.967,-53.7535],[-70.9705,-53.6705],[-70.925,-53.6095],[-70.9885,-53.39],[-70.934,-53.304],[-70.949,-53.253],[-70.9175,-53.171],[-70.854,-53.1305],[-70.8775,-53.1095],[-70.8155,-53.0065],[-70.826,-52.9625],[-70.7815,-52.9365],[-70.845,-52.904],[-70.838,-52.861],[-70.7935,-52.8125],[-70.795,-52.759],[-70.718,-52.7485],[-70.5835,-52.679],[-70.527,-52.6835],[-70.5265,-52.7255],[-70.398,-52.682],[-70.3195,-52.641],[-70.212,-52.6525],[-70.164,-52.5885],[-70.0225,-52.559],[-69.842,-52.4885],[-69.7755,-52.529],[-69.6705,-52.5385],[-69.5435,-52.4475],[-69.557,-52.405],[-69.484,-52.388],[-69.48,-52.296],[-69.453,-52.2625],[-69.3145,-52.2315],[-69.2215,-52.1975],[-69.1385,-52.199],[-69.0565,-52.2305],[-68.9645,-52.293],[-68.8895,-52.3075],[-68.838,-52.2775],[-68.987,-52.2035],[-69.19,-52.15],[-69.486,-52.1515],[-69.9955,-52.0005],[-70.5,-52],[-71,-52],[-71.923,-51.999],[-72.0285,-51.968],[-71.9385,-51.9085],[-71.948,-51.874],[-72.122,-51.744],[-72.2,-51.713],[-72.3005,-51.6875],[-72.2875,-51.6325],[-72.338,-51.584],[-72.4415,-51.585],[-72.4255,-51.547],[-72.327,-51.466],[-72.338,-51.4245],[-72.308,-51.3775],[-72.358,-51.318],[-72.2735,-51.286],[-72.2585,-51.244],[-72.332,-51.21],[-72.395,-51.1445],[-72.4085,-51.1075],[-72.3765,-51.0805],[-72.373,-51.0225],[-72.265,-51.033],[-72.269,-50.9795],[-72.249,-50.8755],[-72.2965,-50.7905],[-72.3495,-50.7515],[-72.3005,-50.7065],[-72.286,-50.659],[-72.4045,-50.637],[-72.481,-50.602],[-72.545,-50.6205],[-72.596,-50.6815],[-72.738,-50.626],[-72.8755,-50.6695],[-72.9405,-50.7065],[-72.955,-50.7415],[-73.042,-50.761],[-73.0695,-50.789],[-73.1495,-50.768],[-73.1985,-50.7405],[-73.145,-50.6515],[-73.1935,-50.6155],[-73.287,-50.5895],[-73.3645,-50.5175],[-73.338,-50.4995],[-73.398,-50.371],[-73.436,-50.363],[-73.3625,-50.301],[-73.4545,-50.234],[-73.4245,-50.206],[-73.4985,-50.155],[-73.514,-50.1065],[-73.484,-50.0895],[-73.4415,-50.0015],[-73.446,-49.965],[-73.504,-49.966],[-73.5605,-49.942],[-73.507,-49.892],[-73.491,-49.817],[-73.45,-49.789],[-73.309,-49.736],[-73.217,-49.669],[-73.13,-49.5245],[-73.054,-49.4655],[-73.042,-49.42],[-73.077,-49.381],[-73.082,-49.283],[-73.134,-49.2665],[-73.143,-49.2115],[-73.59,-48.9425],[-73.959,-48.722],[-73.9765,-48.716]]],[[[-75.253,-49.618],[-75.253,-49.656],[-75.105,-49.865],[-75.0545,-49.8985],[-74.997,-49.899],[-74.9275,-49.7985],[-74.9165,-49.749],[-74.982,-49.715],[-74.9245,-49.624],[-74.9805,-49.5945],[-74.935,-49.54],[-74.7815,-49.4695],[-74.717,-49.413],[-74.6935,-49.4235],[-74.784,-49.4875],[-74.8125,-49.487],[-74.8735,-49.5305],[-74.86,-49.555],[-74.8785,-49.6385],[-74.9025,-49.655],[-74.876,-49.7085],[-74.886,-49.783],[-74.825,-49.8165],[-74.909,-49.923],[-74.8765,-49.967],[-74.8675,-50.0285],[-74.827,-50.0435],[-74.6545,-50.043],[-74.634,-50.059],[-74.4655,-49.959],[-74.412,-49.901],[-74.4,-49.861],[-74.407,-49.78],[-74.386,-49.763],[-74.3895,-49.6785],[-74.44,-49.624],[-74.4795,-49.514],[-74.4465,-49.481],[-74.387,-49.301],[-74.401,-49.1675],[-74.4275,-49.1235],[-74.4045,-49.095],[-74.45,-49.051],[-74.439,-48.988],[-74.407,-48.963],[-74.4695,-48.8795],[-74.455,-48.7495],[-74.483,-48.6935],[-74.5655,-48.7325],[-74.5845,-48.7045],[-74.693,-48.6585],[-74.8225,-48.6875],[-74.845,-48.7155],[-74.9975,-48.7675],[-75.0145,-48.8175],[-74.982,-48.8805],[-74.939,-48.9175],[-74.959,-48.936],[-74.9225,-48.979],[-74.831,-49.032],[-74.7935,-49.0855],[-74.8475,-49.194],[-74.8585,-49.284],[-74.867,-49.303],[-74.905,-49.2895],[-74.972,-49.2405],[-75.0065,-49.2335],[-75.1,-49.262],[-75.172,-49.2535],[-75.2725,-49.226],[-75.306,-49.261],[-75.348,-49.246],[-75.4045,-49.257],[-75.4495,-49.289],[-75.443,-49.351],[-75.392,-49.481],[-75.3385,-49.4635],[-75.309,-49.5225],[-75.2335,-49.5465],[-75.284,-49.594],[-75.253,-49.618]]],[[[-74.956,-48.601],[-74.9875,-48.737],[-74.9405,-48.7435],[-74.876,-48.7205],[-74.7685,-48.6465],[-74.9165,-48.63],[-74.956,-48.601]]],[[[-75.0055,-48.5955],[-75.095,-48.674],[-75.208,-48.7335],[-75.214,-48.764],[-75.1595,-48.778],[-75.047,-48.826],[-75.012,-48.754],[-74.9895,-48.6515],[-75.0055,-48.5955]]]]},"properties":{"codigo":"12","nombre":"Región de Magallanes y Antártica Chilena"}},
{"type":"Feature","geometry":{"type":"Polygon","coordinates":[[[-71.0355,-36.474],[-71.0605,-36.4635],[-71.0595,-36.387],[-71.115,-36.362],[-71.1555,-36.4055],[-71.2335,-36.466],[-71.2815,-36.4485],[-71.3205,-36.532],[-71.41,-36.503],[-71.467,-36.412],[-71.571,-36.4045],[-71.628,-36.372],[-71.708,-36.3485],[-71.7865,-36.293],[-71.8045,-36.2625],[-71.847,-36.247],[-71.909,-36.2685],[-71.992,-36.242],[-72.0115,-36.1915],[-72.077,-36.144],[-72.1315,-36.1915],[-72.1425,-36.239],[-72.2375,-36.207],[-72.2715,-36.2565],[-72.36,-36.215],[-72.3365,-36.18],[-72.502,-36.1435],[-72.4875,-36.08],[-72.583,-36.078],[-72.647,-36.0165],[-72.708,-36.023],[-72.778,-36.014],[-72.7915,-36.0725],[-72.8135,-36.0945],[-72.804,-36.143],[-72.822,-36.1975],[-72.809,-36.2765],[-72.87,-36.383],[-72.8825,-36.4455],[-72.81,-36.4595],[-72.8,-36.497],[-72.828,-36.5265],[-72.798,-36.5635],[-72.7985,-36.606],[-72.7325,-36.623],[-72.6235,-36.6905],[-72.5905,-36.734],[-72.6025,-36.7675],[-72.593,-36.816],[-72.5565,-36.8475],[-72.5815,-36.8945],[-72.645,-36.8835],[-72.658,-36.91],[-72.588,-36.9285],[-72.532,-36.927],[-72.4825,-36.897],[-72.4615,-36.927],[-72.3755,-36.9175],[-72.3425,-36.967],[-72.2865,-36.998],[-72.1985,-37.0245],[-72.182,-37.0465],[-72.2615,-37.0925],[-72.2745,-37.195],[-72.2375,-37.1865],[-72.153,-37.195],[-72.1365,-37.1795],[-72.068,-37.191],[-72.0365,-37.168],[-71.9905,-37.193],[-71.89,-37.1825],[-71.85,-37.162],[-71.8445,-37.129],[-71.797,-37.1085],[-71.6535,-37.131],[-71.5815,-37.1245],[-71.541,-37.084],[-71.537,-37.0095],[-71.48,-37.02],[-71.459,-37.061],[-71.329,-37.0775],[-71.3035,-37.102],[-71.244,-37.1105],[-71.1885,-37.098],[-71.1555,-37.116],[-71.096,-37.1095],[-71.141,-37.069],[-71.167,-36.9975],[-71.1,-36.9645],[-71.088,-36.929],[-71.145,-36.929],[-71.127,-36.8585],[-71.132,-36.814],[-71.1115,-36.7275],[-71.0775,-36.705],[-71.014,-36.6975],[-71.0405,-36.6485],[-71.056,-36.567],[-71.041,-36.55],[-71.0355,-36.474]]]},"properties":{"codigo":"16","nombre":"Región de Ñuble"}},
{"type":"Feature","geometry":{"type":"Polygon","coordinates":[[[-68.481,-20.945],[-68.5135,-20.9355],[-68.5555,-20.866],[-68.5405,-20.807],[-68.553,-20.729],[-68.5015,-20.669],[-68.4505,-20.6475],[-68.4845,-20.6055],[-68.5155,-20.6045],[-68.535,-20.5695],[-68.5775,-20.572],[-68.613,-20.537],[-68.6665,-20.5165],[-68.7385,-20.457],[-68.7415,-20.369],[-68.6745,-20.357],[-68.6605,-20.319],[-68.697,-20.29],[-68.715,-20.227],[-68.7045,-20.133],[-68.774,-20.1295],[-68.762,-20.078],[-68.693,-20.0685],[-68.6405,-20.049],[-68.566,-20.05],[-68.5215,-19.9245],[-68.5425,-19.89],[-68.528,-19.8455],[-68.5995,-19.828],[-68.625,-19.7855],[-68.6865,-19.7405],[-68.681,-19.718],[-68.624,-19.702],[-68.6015,-19.6435],[-68.557,-19.5965],[-68.4405,-19.4405],[-68.405,-19.416],[-68.4515,-19.368],[-68.5425,-19.2965],[-68.62,-19.2765],[-68.6305,-19.2485],[-68.806,-19.0835],[-68.8895,-19.0435],[-68.92,-18.9765],[-68.95,-18.9365],[-69.023,-18.971],[-69.0095,-18.997],[-69.071,-19.0295],[-69.1025,-19.0675],[-69.16,-19.105],[-69.2335,-19.094],[-69.312,-19.125],[-69.4255,-19.0245],[-69.473,-19.0365],[-69.5285,-19.0255],[-69.6445,-19.021],[-69.715,-19.026],[-69.824,-19.047],[-69.8865,-19.0345],[-69.9485,-19.0495],[-70.099,-19.1195],[-70.131,-19.1545],[-70.2855,-19.2295],[-70.2835,-19.2935],[-70.225,-19.408],[-70.227,-19.4405],[-70.2025,-19.521],[-70.2135,-19.597],[-70.175,-19.6505],[-70.1515,-19.724],[-70.1465,-19.7855],[-70.1595,-19.831],[-70.138,-19.8615],[-70.1365,-19.968],[-70.1235,-19.989],[-70.132,-20.069],[-70.1215,-20.09],[-70.1545,-20.2115],[-70.131,-20.2645],[-70.139,-20.323],[-70.183,-20.363],[-70.159,-20.4085],[-70.1625,-20.489],[-70.1995,-20.538],[-70.1895,-20.668],[-70.197,-20.749],[-70.186,-20.8225],[-70.1375,-20.8865],[-70.131,-20.9525],[-70.1585,-20.978],[-70.1775,-21.0245],[-70.1245,-21.0875],[-70.134,-21.1295],[-70.082,-21.2315],[-70.0665,-21.2955],[-70.0985,-21.339],[-70.0585,-21.43],[-70.0055,-21.4385],[-69.9375,-21.4245],[-69.8305,-21.4435],[-69.7785,-21.4375],[-69.667,-21.463],[-69.6625,-21.4815],[-69.5515,-21.63],[-69.313,-21.398],[-68.8595,-21.285],[-68.536,-21.0645],[-68.481,-20.945]]]},"properties":{"codigo":"01","nombre":"Región de Tarapacá"}},
{"type":"Feature","geometry":{"type":"MultiPolygon","coordinates":[[[[-80.786,-33.7225],[-80.83,-33.748],[-80.827,-33.781],[-80.794,-33.813],[-80.7595,-33.803],[-80.755,-33.766],[-80.786,-33.7225]]],[[[-71.5415,-32.1775],[-71.524,-32.215],[-71.471,-32.2735],[-71.471,-32.345],[-71.45,-32.345],[-71.4075,-32.393],[-71.4275,-32.4145],[-71.434,-32.495],[-71.475,-32.523],[-71.4305,-32.638],[-71.4695,-32.7105],[-71.5065,-32.71],[-71.4905,-32.77],[-71.5475,-32.809],[-71.5205,-32.8345],[-71.5075,-32.9135],[-71.552,-32.929],[-71.5535,-33.0105],[-71.613,-33.043],[-71.6545,-33.027],[-71.663,-33.0935],[-71.7365,-33.118],[-71.6845,-33.173],[-71.6825,-33.2545],[-71.652,-33.303],[-71.6545,-33.3515],[-71.696,-33.371],[-71.703,-33.431],[-71.6585,-33.462],[-71.605,-33.527],[-71.6415,-33.672],[-71.6825,-33.729],[-71.729,-33.7555],[-71.794,-33.773],[-71.8295,-33.8595],[-71.8325,-33.905],[-71.782,-33.935],[-71.7145,-33.9485],[-71.581,-33.867],[-71.5565,-33.8725],[-71.556,-33.783],[-71.496,-33.7695],[-71.429,-33.789],[-71.359,-33.747],[-71.4185,-33.7085],[-71.3825,-33.6235],[-71.336,-33.6075],[-71.332,-33.5355],[-71.353,-33.4925],[-71.336,-33.4565],[-71.3435,-33.4155],[-71.2815,-33.4105],[-71.223,-33.373],[-71.205,-33.321],[-71.2265,-33.2695],[-71.2155,-33.2345],[-71.1105,-33.221],[-71.0725,-33.2305],[-71.0045,-33.198],[-71.0295,-33.084],[-71.0075,-33.0525],[-71.027,-33.005],[-71.0155,-32.9775],[-70.939,-32.973],[-70.9065,-32.936],[-70.7365,-32.924],[-70.72,-32.953],[-70.674,-32.9595],[-70.5945,-32.9485],[-70.593,-32.9695],[-70.547,-33.014],[-70.509,-33.089],[-70.4825,-33.081],[-70.434,-33.021],[-70.3745,-33.105],[-70.338,-33.0965],[-70.2695,-33.1365],[-70.236,-33.1405],[-70.1995,-33.111],[-70.1365,-33.094],[-70.116,-33.0675],[-70.0815,-33.0285],[-70.02,-33.0075],[-70.0275,-32.97],[-70,-32.944],[-69.9895,-32.8985],[-70.056,-32.8575],[-70.0555,-32.8315],[-70.107,-32.7925],[-70.145,-32.725],[-70.151,-32.637],[-70.171,-32.6195],[-70.123,-32.5375],[-70.153,-32.463],[-70.2365,-32.4285],[-70.2175,-32.382],[-70.225,-32.3225],[-70.3205,-32.269],[-70.361,-32.254],[-70.4155,-32.282],[-70.433,-32.227],[-70.457,-32.213],[-70.456,-32.1725],[-70.594,-32.164],[-70.654,-32.1335],[-70.657,-32.055],[-70.7395,-32.021],[-70.8025,-32.0345],[-70.879,-32.064],[-71.041,-32.0325],[-71.031,-32.069],[-71.0875,-32.1035],[-71.1575,-32.1625],[-71.1815,-32.171],[-71.2115,-32.128],[-71.2555,-32.172],[-71.3385,-32.203],[-71.4095,-32.1895],[-71.4925,-32.159],[-71.5415,-32.1775]]],[[[-109.398,-27.0675],[-109.45,-27.178],[-109.367,-27.169],[-109.274,-27.1235],[-109.298,-27.0885],[-109.346,-27.059],[-109.398,-27.0675]]]]},"properties":{"codigo":"05","nombre":"Región de Valparaíso"}},
{"type":"Feature","geometry":{"type":"MultiPolygon","coordinates":[[[[-73.951,-38.316],[-73.9485,-38.374],[-73.9285,-38.413],[-73.8815,-38.415],[-73.8635,-38.3805],[-73.951,-38.316]]],[[[-73.527,-36.972],[-73.5485,-37.029],[-73.509,-37.043],[-73.527,-36.972]]],[[[-71.0435,-38.1225],[-70.9835,-38.105],[-71.0465,-38.055],[-71.062,-37.9705],[-71.114,-37.9515],[-71.107,-37.891],[-71.159,-37.84],[-71.1555,-37.757],[-71.2115,-37.689],[-71.192,-37.629],[-71.126,-37.5815],[-71.137,-37.546],[-71.12,-37.4575],[-71.152,-37.402],[-71.202,-37.3655],[-71.214,-37.2725],[-71.1625,-37.247],[-71.115,-37.2065],[-71.1345,-37.1425],[-71.096,-37.1095],[-71.1555,-37.116],[-71.1885,-37.098],[-71.244,-37.1105],[-71.3035,-37.102],[-71.329,-37.0775],[-71.459,-37.061],[-71.48,-37.02],[-71.537,-37.0095],[-71.541,-37.084],[-71.5815,-37.1245],[-71.6535,-37.131],[-71.797,-37.1085],[-71.8445,-37.129],[-71.85,-37.162],[-71.89,-37.1825],[-71.9905,-37.193],[-72.0365,-37.168],[-72.068,-37.191],[-72.1365,-37.1795],[-72.153,-37.195],[-72.2375,-37.1865],[-72.2745,-37.195],[-72.2615,-37.0925],[-72.182,-37.0465],[-72.1985,-37.0245],[-72.2865,-36.998],[-72.3425,-36.967],[-72.3755,-36.9175],[-72.4615,-36.927],[-72.4825,-36.897],[-72.532,-36.927],[-72.588,-36.9285],[-72.658,-36.91],[-72.645,-36.8835],[-72.5815,-36.8945],[-72.5565,-36.8475],[-72.593,-36.816],[-72.6025,-36.7675],[-72.5905,-36.734],[-72.6235,-36.6905],[-72.7325,-36.623],[-72.7985,-36.606],[-72.798,-36.5635],[-72.828,-36.5265],[-72.8,-36.497],[-72.81,-36.4595],[-72.8825,-36.4455],[-72.906,-36.4975],[-72.95,-36.5475],[-72.992,-36.575],[-72.956,-36.6325],[-72.9845,-36.671],[-72.992,-36.7325],[-73.091,-36.7285],[-73.1135,-36.7065],[-73.0975,-36.674],[-73.1255,-36.654],[-73.157,-36.716],[-73.139,-36.755],[-73.1945,-36.7805],[-73.154,-36.83],[-73.1575,-36.927],[-73.1875,-36.9925],[-73.181,-37.0245],[-73.1415,-37.0605],[-73.1745,-37.0885],[-73.152,-37.115],[-73.191,-37.1685],[-73.2905,-37.2315],[-73.3555,-37.2435],[-73.4295,-37.239],[-73.457,-37.2045],[-73.5265,-37.2085],[-73.567,-37.1915],[-73.5865,-37.1475],[-73.6595,-37.239],[-73.6555,-37.2995],[-73.6775,-37.3535],[-73.635,-37.375],[-73.5905,-37.46],[-73.602,-37.5355],[-73.648,-37.561],[-73.6745,-37.6025],[-73.6565,-37.722],[-73.597,-37.7945],[-73.521,-37.911],[-73.4785,-38],[-73.4545,-38.082],[-73.4525,-38.146],[-73.4735,-38.2395],[-73.515,-38.271],[-73.4965,-38.326],[-73.5295,-38.3875],[-73.5175,-38.481],[-73.474,-38.473],[-73.417,-38.421],[-73.365,-38.4035],[-73.3205,-38.4375],[-73.3215,-38.4825],[-73.2745,-38.49],[-73.329,-38.343],[-73.2655,-38.2855],[-73.2225,-38.272],[-73.1945,-38.2315],[-73.093,-38.192],[-73.0775,-38.1685],[-73.0805,-38.0955],[-73.206,-38.0505],[-73.181,-38.004],[-73.12,-37.9595],[-73.1175,-37.8715],[-73.047,-37.8445],[-73.0235,-37.803],[-73.0415,-37.781],[-73.0155,-37.7475],[-73.024,-37.7205],[-73.116,-37.6965],[-73.042,-37.6175],[-72.9325,-37.6145],[-72.8405,-37.5965],[-72.766,-37.596],[-72.714,-37.626],[-72.653,-37.63],[-72.632,-37.669],[-72.596,-37.672],[-72.4935,-37.6455],[-72.4785,-37.7405],[-72.387,-37.85],[-72.2375,-37.889],[-72.1895,-37.9265],[-72.1325,-37.952],[-72.1045,-37.992],[-72.049,-38.014],[-71.9665,-37.994],[-71.879,-38.0785],[-71.848,-38.0545],[-71.7695,-38.03],[-71.7005,-38.0695],[-71.709,-38.1345],[-71.694,-38.169],[-71.7155,-38.21],[-71.689,-38.2405],[-71.7095,-38.266],[-71.643,-38.3135],[-71.6085,-38.241],[-71.5535,-38.246],[-71.4885,-38.192],[-71.436,-38.177],[-71.4135,-38.11],[-71.3775,-38.0855],[-71.163,-38.1115],[-71.0855,-38.0895],[-71.0435,-38.1225]]]]},"properties":{"codigo":"08","nombre":"Región del Bío-Bío"}},
{"type":"Feature","geometry":{"type":"Polygon","coordinates":[[[-71.8325,-33.905],[-71.8835,-33.964],[-71.8995,-34.0085],[-71.942,-34.0445],[-72.002,-34.148],[-71.972,-34.2995],[-71.99,-34.373],[-72.0495,-34.4265],[-72.0245,-34.487],[-72.0535,-34.5565],[-72.0415,-34.596],[-72.0565,-34.687],[-71.9945,-34.7165],[-71.9975,-34.7405],[-71.9425,-34.7695],[-71.9135,-34.815],[-71.802,-34.8285],[-71.715,-34.916],[-71.6815,-34.896],[-71.6625,-34.856],[-71.6,-34.8835],[-71.514,-34.876],[-71.4645,-34.9005],[-71.4175,-34.9045],[-71.387,-34.8865],[-71.3745,-34.8345],[-71.342,-34.831],[-71.302,-34.795],[-71.2135,-34.8355],[-71.189,-34.8045],[-71.135,-34.7865],[-71.0985,-34.828],[-71.0455,-34.7965],[-70.953,-34.8715],[-70.8835,-34.85],[-70.8215,-34.8715],[-70.772,-34.8585],[-70.6855,-34.924],[-70.6665,-34.9625],[-70.568,-34.9525],[-70.4875,-34.976],[-70.4775,-34.994],[-70.4155,-34.9835],[-70.365,-35.0055],[-70.333,-34.99],[-70.3215,-34.933],[-70.2485,-34.799],[-70.3095,-34.7695],[-70.2585,-34.7295],[-70.2465,-34.6925],[-70.213,-34.6695],[-70.218,-34.612],[-70.175,-34.5755],[-70.134,-34.51],[-70.013,-34.412],[-70.026,-34.3665],[-70.0145,-34.3385],[-70.0305,-34.2885],[-70.0535,-34.2795],[-70.0505,-34.2265],[-70.0775,-34.198],[-70.1125,-34.202],[-70.1605,-34.1495],[-70.1585,-34.093],[-70.186,-34.0325],[-70.245,-34.035],[-70.262,-34.0715],[-70.329,-34.059],[-70.3445,-34.039],[-70.321,-33.9995],[-70.3785,-33.919],[-70.375,-33.8835],[-70.419,-33.856],[-70.5025,-33.863],[-70.617,-33.902],[-70.663,-33.938],[-70.701,-33.906],[-70.7705,-33.9445],[-70.8245,-33.962],[-70.7935,-34],[-70.8175,-34.0355],[-70.889,-34.0385],[-70.893,-34.076],[-70.941,-34.1055],[-70.934,-34.1515],[-70.969,-34.172],[-71.0325,-34.165],[-71.0715,-34.184],[-71.106,-34.1665],[-71.185,-34.1585],[-71.298,-34.038],[-71.351,-34.065],[-71.411,-34.063],[-71.432,-34.033],[-71.4985,-33.9985],[-71.563,-33.987],[-71.6145,-34.0035],[-71.667,-33.9975],[-71.7145,-33.9485],[-71.782,-33.935],[-71.8325,-33.905]]]},"properties":{"codigo":"06","nombre":"Región del Libertador Bernardo O'Higgins"}},
{"type":"Feature","geometry":{"type":"Polygon","coordinates":[[[-71.0355,-36.474],[-70.959,-36.5035],[-70.8945,-36.472],[-70.889,-36.4005],[-70.848,-36.4185],[-70.8175,-36.396],[-70.7885,-36.4285],[-70.739,-36.429],[-70.6885,-36.408],[-70.6815,-36.372],[-70.7115,-36.34],[-70.6835,-36.305],[-70.7055,-36.272],[-70.6395,-36.2435],[-70.605,-36.196],[-70.571,-36.175],[-70.567,-36.133],[-70.4925,-36.1775],[-70.421,-36.156],[-70.425,-36.0995],[-70.408,-36.0535],[-70.3715,-36.0435],[-70.3935,-35.9815],[-70.369,-35.9225],[-70.423,-35.9155],[-70.4215,-35.8765],[-70.3165,-35.8195],[-70.3765,-35.789],[-70.3585,-35.7545],[-70.3745,-35.7005],[-70.4185,-35.6295],[-70.3845,-35.6055],[-70.4135,-35.5285],[-70.385,-35.5095],[-70.443,-35.468],[-70.453,-35.392],[-70.418,-35.3555],[-70.469,-35.3135],[-70.565,-35.3],[-70.5825,-35.27],[-70.5435,-35.203],[-70.4795,-35.204],[-70.388,-35.1695],[-70.3615,-35.1345],[-70.377,-35.05],[-70.365,-35.0055],[-70.4155,-34.9835],[-70.4775,-34.994],[-70.4875,-34.976],[-70.568,-34.9525],[-70.6665,-34.9625],[-70.6855,-34.924],[-70.772,-34.8585],[-70.8215,-34.8715],[-70.8835,-34.85],[-70.953,-34.8715],[-71.0455,-34.7965],[-71.0985,-34.828],[-71.135,-34.7865],[-71.189,-34.8045],[-71.2135,-34.8355],[-71.302,-34.795],[-71.342,-34.831],[-71.3745,-34.8345],[-71.387,-34.8865],[-71.4175,-34.9045],[-71.4645,-34.9005],[-71.514,-34.876],[-71.6,-34.8835],[-71.6625,-34.856],[-71.6815,-34.896],[-71.715,-34.916],[-71.802,-34.8285],[-71.9135,-34.815],[-71.9425,-34.7695],[-71.9975,-34.7405],[-71.9945,-34.7165],[-72.0565,-34.687],[-72.07,-34.7295],[-72.1425,-34.82],[-72.1505,-34.8675],[-72.1795,-34.895],[-72.1885,-35.0665],[-72.204,-35.1105],[-72.3605,-35.2025],[-72.398,-35.2415],[-72.4035,-35.301],[-72.499,-35.391],[-72.4885,-35.463],[-72.5355,-35.5095],[-72.6185,-35.561],[-72.638,-35.6015],[-72.5795,-35.7095],[-72.5625,-35.7735],[-72.5795,-35.815],[-72.649,-35.8465],[-72.7075,-35.927],[-72.7835,-35.9775],[-72.778,-36.014],[-72.708,-36.023],[-72.647,-36.0165],[-72.583,-36.078],[-72.4875,-36.08],[-72.502,-36.1435],[-72.3365,-36.18],[-72.36,-36.215],[-72.2715,-36.2565],[-72.2375,-36.207],[-72.1425,-36.239],[-72.1315,-36.1915],[-72.077,-36.144],[-72.0115,-36.1915],[-71.992,-36.242],[-71.909,-36.2685],[-71.847,-36.247],[-71.8045,-36.2625],[-71.7865,-36.293],[-71.708,-36.3485],[-71.628,-36.372],[-71.571,-36.4045],[-71.467,-36.412],[-71.41,-36.503],[-71.3205,-36.532],[-71.2815,-36.4485],[-71.2335,-36.466],[-71.1555,-36.4055],[-71.115,-36.362],[-71.0595,-36.387],[-71.0605,-36.4635],[-71.0355,-36.474]]]},"properties":{"codigo":"07","nombre":"Región del Maule"}},
{"type":"Feature","geometry":{"type":"Polygon","coordinates":[[[-71.7145,-33.9485],[-71.667,-33.9975],[-71.6145,-34.0035],[-71.563,-33.987],[-71.4985,-33.9985],[-71.432,-34.033],[-71.411,-34.063],[-71.351,-34.065],[-71.298,-34.038],[-71.185,-34.1585],[-71.106,-34.1665],[-71.0715,-34.184],[-71.0325,-34.165],[-70.969,-34.172],[-70.934,-34.1515],[-70.941,-34.1055],[-70.893,-34.076],[-70.889,-34.0385],[-70.8175,-34.0355],[-70.7935,-34],[-70.8245,-33.962],[-70.7705,-33.9445],[-70.701,-33.906],[-70.663,-33.938],[-70.617,-33.902],[-70.5025,-33.863],[-70.419,-33.856],[-70.375,-33.8835],[-70.3785,-33.919],[-70.321,-33.9995],[-70.3445,-34.039],[-70.329,-34.059],[-70.262,-34.0715],[-70.245,-34.035],[-70.186,-34.0325],[-70.1585,-34.093],[-70.1605,-34.1495],[-70.1125,-34.202],[-70.0775,-34.198],[-70.0505,-34.2265],[-70.0535,-34.2795],[-70.0305,-34.2885],[-69.963,-34.2535],[-69.922,-34.2895],[-69.8965,-34.2655],[-69.8065,-34.248],[-69.801,-34.1935],[-69.871,-34.125],[-69.8325,-34.072],[-69.828,-34.0245],[-69.855,-33.9655],[-69.906,-33.9635],[-69.8905,-33.9205],[-69.8555,-33.892],[-69.8985,-33.8475],[-69.904,-33.773],[-69.8645,-33.7165],[-69.8845,-33.684],[-69.8655,-33.587],[-69.8715,-33.5395],[-69.8325,-33.5075],[-69.8185,-33.43],[-69.775,-33.377],[-69.77,-33.343],[-69.801,-33.2875],[-69.917,-33.267],[-69.9715,-33.3105],[-70.0385,-33.27],[-70.0265,-33.235],[-70.064,-33.206],[-70.0745,-33.0645],[-70.116,-33.0675],[-70.1365,-33.094],[-70.1995,-33.111],[-70.236,-33.1405],[-70.2695,-33.1365],[-70.338,-33.0965],[-70.3745,-33.105],[-70.434,-33.021],[-70.4825,-33.081],[-70.509,-33.089],[-70.547,-33.014],[-70.593,-32.9695],[-70.5945,-32.9485],[-70.674,-32.9595],[-70.72,-32.953],[-70.7365,-32.924],[-70.9065,-32.936],[-70.939,-32.973],[-71.0155,-32.9775],[-71.027,-33.005],[-71.0075,-33.0525],[-71.0295,-33.084],[-71.0045,-33.198],[-71.0725,-33.2305],[-71.1105,-33.221],[-71.2155,-33.2345],[-71.2265,-33.2695],[-71.205,-33.321],[-71.223,-33.373],[-71.2815,-33.4105],[-71.3435,-33.4155],[-71.336,-33.4565],[-71.353,-33.4925],[-71.332,-33.5355],[-71.336,-33.6075],[-71.3825,-33.6235],[-71.4185,-33.7085],[-71.359,-33.747],[-71.429,-33.789],[-71.496,-33.7695],[-71.556,-33.783],[-71.5565,-33.8725],[-71.581,-33.867],[-71.7145,-33.9485]]]},"properties":{"codigo":"13","nombre":"Región Metropolitana de Santiago"}}
]}